 by Role ,prema ulozi
 is not set,nije postavljen
"""Company History""",&quot;Povijest tvrtke&quot;
"""Team Members"" or ""Management""",&quot;Članovi tima&quot; ili &quot;upravljanje&quot;
'In List View' not allowed for type {0} in row {1},"' U prikazu popisa "" nisu dopušteni za vrstu {0} je u redu {1}"
0 - Draft; 1 - Submitted; 2 - Cancelled,0 - Nacrt; 1 - Postavio; 2 - Otkazan
0 is highest,0 je najviši
"000 is black, fff is white","000 je crno, FFF je bijela"
2 days ago,Prije 2 dana
"<a href=""https://en.wikipedia.org/wiki/Transport_Layer_Security"" target=""_blank"">[?]</a>","<a href=""https://en.wikipedia.org/wiki/Transport_Layer_Security"" target""_blank""> [ ? ] < / a>"
"<a onclick=""msgprint('<ol>\<li><b>field:[fieldname]</b> - By Field\<li><b>naming_series:</b> - By Naming Series (field called naming_series must be present\<li><b>Prompt</b> - Prompt user for a name\<li><b>[series]</b> - Series by prefix (separated by a dot); for example PRE.#####\</ol>')"">Naming Options</a>","<Onclick = ""msgprint ('<ol> \ <li> <b> polje: [podataka, Naziv Polja] </ b> - Prema području \ <li> <b> naming_series: </ b > - imenovanjem Series (polje pozvao naming_series mora biti prisutan \ <li> <b> Zatraži </ b> - Zatraži od korisnika za ime \ <li> <b> [serija] </ . b> - Series by prefiks (odvojenih točkom), na primjer prije # # # # # \ </ ol> ') ""> Imenovanje Enter </>"
<b>new</b> <i>type of document</i>,<b> Nova </ b> <i> vrsta dokumenta </ i>
"<i>document type...</i>, e.g. <b>customer</b>","<i> vrstu dokumenta ... </ i>, npr. <b> kupac </ b>"
<i>e.g. <strong>(55 + 434) / 4</strong> or <strong>=Math.sin(Math.PI/2)</strong>...</i>,<i> npr. <strong> (55 + 434) / 4 </ strong> ili <strong> = Math.sin (math.PI / 2) </ strong> ... </ i>
<i>module name...</i>,<i> ime modula ... </ i>
<i>text</i> <b>in</b> <i>document type</i>,<i> tekst </ i> <b> u </ b> <i> vrste dokumenta </ i>
A user can be permitted to multiple records of the same DocType.,Korisniku može biti dopušten višestruki upis istih DocType-ova.
About,O nama
About Us Settings,"""O nama"" postavke"
About Us Team Member,"""O nama"" član tima"
Action,Akcija
Actions,Akcije
"Actions for workflow (e.g. Approve, Cancel).","Akcije za tijek rada ( npr. Odobri , Odustani ) ."
Add,Dodaj
Add A New Rule,Dodaj novo pravilo
Add A User Permission,Dodaj korisničke ovlasti
Add Attachments,Dodaj privitke
Add Bookmark,Dodaj bookmark
Add CSS,Dodaj CSS
Add Column,Dodaj stupac
Add Google Analytics ID: eg. UA-89XXX57-1. Please search help on Google Analytics for more information.,Dodaj Google Analytics ID: npr.. UA-89XXX57-1. Molimo potražiti pomoć na Google Analytics za više informacija.
Add Message,Dodaj poruku
Add New Permission Rule,Dodaj novo pravilo za dozvole korisnicima
Add Reply,Dodaj odgovor
Add Total Row,Dodaj ukupno redaka
Add a New Role,Dodaj novu ulogu
Add a banner to the site. (small banners are usually good),Dodaj banner na stranicu. (Mali banneri su obično dobri)
Add all roles,Dodaj sve uloge
Add attachment,Dodaj privitak
Add code as &lt;script&gt;,Dodaj kod kao <skriptu>
Add custom javascript to forms.,Dodaj prilagođeni JavaScript za obrasce.
Add fields to forms.,Dodaj polja obrascima.
Add multiple rows,Dodaj više redaka
Add new row,Dodaj novi redak
"Add the name of <a href=""http://google.com/webfonts"" target=""_blank"">Google Web Font</a> e.g. ""Open Sans""","Dodaj ime <a href=""http://google.com/webfonts"" target=""_blank"">Google Web slova</a> npr. &quot;Otvoreni Sans&quot;"
Add to To Do,"Dodaj u ""Za napraviti"""
Add to To Do List Of,"Dodaj u ""Za napraviti"" popis"
Added {0} ({1}),Dodano {0} ({1})
Adding System Manager to this User as there must be atleast one System Manager,Dodavanje sustava Manager za ovog korisnika kao mora postojati najmanje jedan sustav Manager
Additional Info,Dodatne informacije
Additional Permissions,Dodatne dozvole
Address,Adresa
Address Line 1,Adresa - linija 1
Address Line 2,Adresa - linija 2
Address Title,Naziv adrese
Address and other legal information you may want to put in the footer.,Adresa i druge pravne informacije koje možda želite staviti u podnožje.
Admin,Administrator
All Applications,Sve aplikacije
All Day,Svaki dan
All customizations will be removed. Please confirm.,"Sve prilagodbe će biti uklonjene. Molimo, potvrdite."
"All possible Workflow States and roles of the workflow. <br>Docstatus Options: 0 is""Saved"", 1 is ""Submitted"" and 2 is ""Cancelled""","Sve moguće Workflow Države i uloge tijeka rada. <br> Docstatus Opcije: 0 je &quot;Spremljeno&quot;, jedan je &quot;Zaprimljeno&quot; i 2. &quot;Otkazano&quot;"
Allow Attach,Dopusti prilog
Allow Import,Dopustite Uvoz
Allow Import via Data Import Tool,Dopustite uvoz preko alata za unos podataka
Allow Rename,Dopusti preimenovanje
Allow on Submit,Dopusti pri potvrdi
Allow user to login only after this hour (0-24),Dopustite korisniku da se prijavi tek nakon ovoliko sati (0-24)
Allow user to login only before this hour (0-24),Dopustite korisniku da se prijaviti samo prije ovoliko sati (0-24)
Allowed,Dopušteno
"Allowing DocType, DocType. Be careful!","Dopuštanje DOCTYPE , vrstu dokumenata . Budite oprezni !"
Already Registered,Već registracije
Already in user's To Do list,Već u user -a Da li popis
Alternative download link,Alternativni link za download
"Alternatively, you can also specify 'auto_email_id' in site_config.json","Alternativno , možete odrediti ' auto_email_id ' u site_config.json"
Always use above Login Id as sender,Uvijek koristite iznad Id Prijava kao pošiljatelja
Amend,Ispraviti
"An icon file with .ico extension. Should be 16 x 16 px. Generated using a favicon generator. [<a href=""http://favicon-generator.org/"" target=""_blank"">favicon-generator.org</a>]","Ikona datoteke s nastavkom. Ico. Treba biti 16 x 16 px. Generirano pomoću favicon generator. [ <a href=""http://favicon-generator.org/"" target=""_blank"">favicon-generator.org</a> ]"
"Another {0} with name {1} exists, select another name","Druga {0} s imenom {1} postoji , odaberite drugi naziv"
Any existing permission will be deleted / overwritten.,Svaka postojeća dozvola bit će izbrisani / prebrisana.
Anyone Can Read,Svatko može pročitati
Anyone Can Write,Svatko može pisati
"Apart from Role based Permission Rules, you can apply User Permissions based on DocTypes.","Osim Uloga temelji dopuštenje pravilima , možete se prijaviti korisničkim dozvolama na temelju DocTypes ."
"Apart from System Manager, roles with 'Set User Permissions' right can set permissions for other users for that Document Type.","Osim System Manager , uloge s desne strane 'skup korisničkim dozvolama ' možete postaviti dozvole za druge korisnike za tu vrstu dokumenta ."
App Name,App Naziv
App not found,App nije pronađena
Application Installer,Application Installer
Applications,Prijave
Apply Style,Primijeni stil
Apply User Permissions,Nanesite korisnička dopuštenja
Are you sure you want to delete the attachment?,Jeste li sigurni da želite izbrisati privitak?
Arial,Arial
"As a best practice, do not assign the same set of permission rule to different Roles. Instead, set multiple Roles to the same User.","Kao najbolje prakse , ne dodijeliti isti set pravila dopuštenje za različite uloge . Umjesto toga , postavite više uloga istom korisniku ."
Ascending,Uzlazni
Assign To,Dodijeliti
Assigned By,Dodijeljen od strane
Assigned To,Dodijeljeno
Assigned To Fullname,Dodijeljeno FULLNAME
Assigned To/Owner,Dodijeljeno / VLASNIK
Assignment Added,Dodjela uvrštenja
Assignment Status Changed,Dodjela Stanje Promijenjeno
Assignments,zadaci
Attach,Pričvrstiti
Attach Document Print,Priloži dokument Ispis
Attach as web link,Pričvrstite kao web veze
Attached To DocType,U prilogu vrstu dokumenata
Attached To Name,U prilogu naziv
Attachments,Privitci
Auto Email Id,Automatski email ID
Auto Name,Auto Ime
Auto generated,Automatski generirano
Avatar,Avatar
Back to Login,Natrag na prijavu
Background Color,Boja pozadine
Background Image,Pozadinska slika
Background Style,Pozadinski stil
Banner,Baner
Banner HTML,HTML baner
Banner Image,Slika banera
Banner is above the Top Menu Bar.,Baner je iznad gornjeg izbornika.
Begin this page with a slideshow of images,Počnite ovu stranicu prikazom slika
Beginning with,Počevši s
Belongs to,Pripada
Bio,Bio
Birth Date,Datum rođenja
Blog Category,Blog kategorija
Blog Intro,Blog intro
Blog Introduction,Blog uvod
Blog Post,Blog članak
Blog Settings,Blog postavke
Blog Title,Naslov bloga
Blogger,Bloger
Bookmarks,Favoriti
Both login and password required,Potrebni su i korisničko ime i lozinka
Brand HTML,Brend HTML
Bulk Email,Bulk Email
Bulk email limit {0} crossed,Bulk e-mail granica {0} prešao
Button,Gumb
By,Po
Calculate,Izračunaj
Calendar,Kalendar
Cancel,Otkaži
Cancelled,Otkazano
"Cannot Edit {0} directly: To edit {0} properties, create / update {1}, {2} and {3}","Ne možete uređivati ​​{0} izravno : Za uređivanje {0} svojstva , stvaranje / ažuriranje {1} , {2} i {3}"
Cannot Update: Incorrect / Expired Link.,Ne možete ažurirati : Nepravilan / istekla .
Cannot Update: Incorrect Password,Ne možete ažurirati : Pogrešna zaporka
Cannot add more than 50 comments,Ne možete dodati više od 50 komentara
Cannot cancel before submitting. See Transition {0},Ne može otkazati prije slanja.
Cannot change picture,Ne mogu promijeniti sliku
Cannot change state of Cancelled Document. Transition row {0},Ne mogu promijeniti stanje Otkazan dokumentu .
Cannot change {0},Ne mogu promijeniti {0}
Cannot delete or cancel because {0} {1} is linked with {2} {3},"Ne možete brisati ili ukinuti , jer {0} {1} je povezan s {2} {3}"
Cannot delete {0} as it has child nodes,Ne možete brisati {0} kao da ima djece čvorova
Cannot edit standard fields,Ne možete uređivati ​​standardnih polja
Cannot map because following condition fails: ,Ne mogu mapirati jer sljedeći uvjet ne uspije:
Cannot open instance when its {0} is open,Ne možete otvoriti primjer kada je {0} je otvoren
Cannot open {0} when its instance is open,Ne možete otvoriti {0} kada je instanca je otvoren
Cannot print cancelled documents,Ne možete ispisivati ​​dokumente otkazan
Cannot remove permission for DocType: {0} and Name: {1},Ne mogu izvaditi dozvolu za DOCTYPE : {0} i ime : {1}
Cannot reply to a reply,Ne možete odgovoriti na odgovoru
Cannot set Email Alert on Document Type {0},Ne mogu postaviti E-mail obavijest o dokumentima tipa {0}
Cannot set permission for DocType: {0} and Name: {1},Ne mogu postaviti dopuštenje za DOCTYPE : {0} i ime : {1}
Categorize blog posts.,Kategorizacija blogu.
Category,Kategorija
Category Name,Naziv kategorije
Center,Centar
"Certain documents, like an Invoice, should not be changed once final. The final state for such documents is called Submitted. You can restrict which roles can Submit.","Određeni dokumenti , poput fakturu , ne treba mijenjati jednom finalu . Konačno stanje za takve dokumente se zove Postavio . Možete ograničiti koje uloge mogu podnijeti ."
"Change field properties (hide, readonly, permission etc.)","Svojstva Promjena polje (skrivanje , samo za čitanje , dozvola i sl. )"
Chat,Razgovor
Check,Provjeriti
Check / Uncheck roles assigned to the User. Click on the Role to find out what permissions that Role has.,Provjerite / Odznačite uloge dodijeljene profil. Kliknite na ulozi saznati što dozvole da uloga.
Check this if you want to send emails as this id only (in case of restriction by your email provider).,"Provjerite to, ako želite poslati e-mail, jer to samo ID (u slučaju ograničenja po vašem e-mail usluga)."
Check this to make this the default letter head in all prints,Provjerite to napraviti ovu glavu zadani slovo u svim otisaka
Check which Documents are readable by a User,Provjerite koji dokumenti su čitljive od strane Korisnika
Checked items shown on desktop,Označene stavke prikazane na radnoj površini
Child Tables are shown as a Grid in other DocTypes.,Dijete Tablice su prikazane kao Grid u drugim DocTypes.
City,Grad
Classic,Klasik
Clear Cache,Clear Cache
Clear all roles,Očisti sve uloge
Click on a link to get options,Kliknite na link kako biste dobili mogućnosti
Click on row to view / edit.,Kliknite na red za pregled / uređivanje .
Client,Klijent
Client-side formats are now deprecated,Klijent strane formati sada su zastarjele
Close,Zatvoriti
Close: {0},Zatvori : {0}
Closed,Zatvoreno
Code,Šifra
Collapse,kolaps
Column Break,Kolona Break
Comment,Komentirati
Comment By,Komentar
Comment By Fullname,Komentar FULLNAME
Comment Date,Komentar Datum
Comment Docname,Komentar Docname
Comment Doctype,Komentar DOCTYPE
Comment Time,Komentar Vrijeme
Comments,Komentari
Communication,Komunikacija
Communication Medium,Komunikacija srednje
Company History,Povijest tvrtke
Company Introduction,Tvrtka Uvod
Complaint,Prigovor
Complete By,Kompletan Do
Condition,Stanje
Contact Us Settings,Kontaktirajte nas Settings
"Contact options, like ""Sales Query, Support Query"" etc each on a new line or separated by commas.","Kontakt opcije, poput &quot;Sales Query, Podrška upit&quot; itd jedni na novoj liniji ili odvojene zarezima."
Content,Sadržaj
Content Hash,Sadržaj Ljestve
Content in markdown format that appears on the main side of your page,Sadržaj u smanjenje formatu koji se pojavljuje na glavnoj strani stranice
Content web page.,Sadržaj web stranice.
Controller,kontrolor
Copy,Kopirajte
Copyright,Autorsko pravo
Core,Srž
Could not connect to outgoing email server,Ne mogu se spojiti na odlasku e-mail poslužitelju
Could not find {0},Ne mogu pronaći {0}
Count,računati
Country,Zemlja
Create,Stvoriti
Create a new {0},Stvaranje nove {0}
Created Custom Field {0} in {1},Napravljeno Custom Field {0} u {1}
Created Customer Issue,Objavljeno Kupac Issue
Created Opportunity,Objavljeno Opportunity
Created Support Ticket,Objavljeno Podrška karata
Creation / Modified By,Stvaranje / Izmijenio
Currency,Valuta
Current status,Trenutni status
Custom CSS,Prilagođena CSS
Custom Field,Prilagođena polja
Custom Javascript,Prilagođena Loše
Custom Reports,Prilagođena izvješća
Custom Script,Prilagođena skripta
Custom?,Prilagođena?
Customize,Prilagodite
Customize Form,Prilagodite obrazac
Customize Form Field,Prilagodba polja obrasca
"Customize Label, Print Hide, Default etc.","Prilagodite oznaku, print sakriti, Zadani itd."
Customized HTML Templates for printing transctions.,Prilagođeno HTML predloške za tisak transctions .
Daily Event Digest is sent for Calendar Events where reminders are set.,"Dnevni događaji Digest je poslan za kalendar događanja, gdje su postavljene podsjetnici."
Danger,Opasnost
Data,Podaci
Data Import / Export Tool,Uvoz / izvoz podataka
Data Import Tool,Alat za unos datoteka
Data missing in table,Podaci koji nedostaju u tablici
Date,Datum
Date Change,Promjena datuma
Date Changed,Promjenjeni datum
Date Format,Oblik datuma
Date and Number Format,Datum i oblik brojeva
Date must be in format: {0},Datum mora biti u obliku: {0}
Datetime,Datum i vrijeme
Days in Advance,Dana unaprijed
Dear,Poštovani
Default,Zadano
Default Print Format,Zadani oblik ispisa
Default Value,Zadana vrijednost
Default is system timezone,Zadana je vremenska zona sustava
"Default: ""Contact Us""","Zadano: ""Kontaktirajte nas"""
DefaultValue,Zadana vrijednost
Defaults,Zadani
"Define read, write, admin permissions for a Website Page.","Definirajte čitanje, pisanje i admin dozvole za web stranicu."
Define workflows for forms.,Definirajte radne procese za oblike.
Delete,Izbrisati
Delete Row,Izbriši redak
Depends On,Ovisi o
Descending,Silazni
Description,Opis
Description and Status,Opis i status
"Description for listing page, in plain text, only a couple of lines. (max 140 characters)","Opis za unos stranice, kao običan tekst, samo par redaka. (najviše 140 znakova)"
Description for page header.,Opis za zaglavlje stranice.
Desktop,Radna površina
Details,Detalji
Did not add,Nije dodano
Did not cancel,Nije otkazano
Did not find {0} for {0} ({1}),Nije pronađeno {0} za {0} ( {1} )
Did not load,Nije učitano
Did not remove,Nije uklonjeno
Did not save,Nije spremjeno
"Different ""States"" this document can exist in. Like ""Open"", ""Pending Approval"" etc.","Različita ""Stanja"", ovaj dokument može postojati u ""Otvoreno"", ""Na čekanju za odobrenje"", itd."
Disable Customer Signup link in Login page,Ugasiti korisnički prijavni link na stranici za prijavu
Disable Signup,Ugasiti prijave
Disabled,Ugašeno
Display,Prikaz
Display Settings,Prikaz postavki
Display in the sidebar of this Website Route node,Prikaz u bočnom stupcu ovog web route čvora
Do not allow user to change after set the first time,Ne dopustiti korisniku izmjene nakon što je upisao prvi put
Doc Status,Doc status
DocField,DocField
DocPerm,DocPerm
DocType,DOCTYPE
DocType Details,DOCTYPE - detalji
DocType can not be merged,DOCTYPE se ne može spajati
DocType on which this Workflow is applicable.,DOCTYPE na koje se primjenjuje ovaj radni proces.
DocType or Field,DOCTYPE ili polje
Doclist JSON,Doclist JSON
Docname,Docname
Document,Dokument
Document Status transition from ,Tranzicija statusa dokumenta iz
Document Status transition from {0} to {1} is not allowed,Tranzicija statusa dokumenta iz {0} u {1} nije dopuštena
Document Type,Tip dokumenta
Document is only editable by users of role,Dokument može uređivati samo ​​korisnik
Documentation,Dokumentacija
Documents,Dokumenti
Download,Preuzimanje
Download Backup,Preuzmite Backup
Download link for your backup will be emailed on the following email address:,Link za preuzimanje sigurnosne kopije će biti poslan na sljedeću e-mail adresu:
Drafts,Nepotvrđeni
Drag to sort columns,Povucite kako bi sortirali stupce
Due Date,Datum dospijeća
Duplicate name {0} {1},Dupli naziv {0} {1}
Dynamic Link,Dinamička poveznica
ERPNext Demo,ERPNext Demo
Edit,Uredi
Edit Permissions,Uredi dozvole
Editable,Uređivati
Email,E-mail
Email Alert,E-mail obavijest
Email Alert Recipient,E-mail obavijest za primatelja
Email Alert Recipients,E-mail obavijest za primatelje
Email By Document Field,E-mail dokumentom Field
Email Footer,E-mail podnožje
Email Host,E-mail Host
Email Id,E-mail ID
Email Login,E-mail Prijava
Email Password,E-mail Lozinka
Email Sent,E-mail poslan
Email Settings,Postavke e-pošte
Email Signature,E-mail potpis
Email Use SSL,E-mail koristi SSL
Email address,E-mail adresa
"Email addresses, separted by commas","E-mail adrese, odvojene zarezom"
Email not verified with {1},E-mail nije potvrđen sa {1}
Email sent to {0},E-mail poslan na {0}
Email...,E-mail ...
Emails are muted,E-mailovi su prigušeni
Embed image slideshows in website pages.,Postavi slikovne prezentacije u web stranicama.
Enable,omogućiti
Enable Comments,Omogućite Komentari
Enable Scheduled Jobs,Omogućite rasporedu radnih mjesta
Enabled,Omogućeno
Ends on,Završava
Enter Form Type,Unesite Obrazac Vid
Enter Value,Unesite vrijednost
Enter at least one permission row,Unesite barem jedan redak dopuštenje
"Enter default value fields (keys) and values. If you add multiple values for a field, the first one will be picked. These defaults are also used to set ""match"" permission rules. To see list of fields, go to <a href=""#Form/Customize Form/Customize Form"">Customize Form</a>.","Unesite polja zadane vrijednosti (ključevi) i vrijednosti. Ako ste dodali više vrijednosti za polje, prvi će se podići. Ove postavke su također koristi za postavljanje &quot;match&quot; dozvola pravila. Da biste vidjeli popis polja, idite na <a href=""#Form/Customize Form/Customize Form"">Prilagodi obrazac</a> ."
"Enter keys to enable login via Facebook, Google, GitHub.","Unesite tipke omogućiti prijavu putem Facebook , Google, GitHub ."
Equals,jednakima
Error,Pogreška
"Error generating PDF, attachment sent as HTML","Pogreška pri PDF, privitak šalje kao HTML"
Error: Document has been modified after you have opened it,Pogreška: Dokument je promijenjen nakon što ste ga otvorili
Event,Događaj
Event Datetime,event Datetime
Event Individuals,Događaj Pojedinci
Event Role,Događaj Uloga
Event Roles,Događaj Uloge
Event Type,Vrsta događaja
Event User,Događaj Upute
Event end must be after start,Kraj događaj mora biti nakon početka
Events,događanja
Events In Today's Calendar,Događanja u današnjem kalendaru
Every Day,Svaki dan
Every Month,Svaki mjesec
Every Week,Svaki tjedan
Every Year,Svaki Godina
Everyone,Svako
Example:,Primjer:
Expand,proširiti
Export,Izvoz
Export not allowed. You need {0} role to export.,Izvoz nisu dopušteni . Trebate {0} ulogu za izvoz .
Exported,izvozi
"Expression, Optional","Expression, fakultativno"
Facebook,Facebook
Facebook Client ID,Facebook Client ID
Facebook Client Secret,Facebook Client Secret
Facebook Share,Facebook Share
Facebook User ID,Facebook User ID
Facebook Username,Facebook ime
FavIcon,Favicon
Female,Ženski
Field Description,Opis polja
Field Name,Naziv polja
Field Type,Vrsta polja
"Field that represents the Workflow State of the transaction (if field is not present, a new hidden Custom Field will be created)","Područje koje predstavlja tijeka državu transakcije (ako polje nije prisutan, novi skriveno Custom Field će biti stvoren)"
Field {0} in row {1} cannot be hidden and mandatory without default,Polje {0} je u redu {1} ne može biti skriven i obavezno bez defaultu
Field {0} is not selectable.,Polje {0} se ne može odabrati .
Field {0} of type {1} cannot be mandatory,Polje {0} tipa {1} ne može biti obvezno
Fieldname,"Podataka, Naziv Polja"
Fieldname is required in row {0},"Podataka, Naziv Polja je potrebno u redu {0}"
Fieldname not set for Custom Field,"Podataka, Naziv Polja nije postavljen za Custom Field"
Fieldname which will be the DocType for this link field.,"Podataka, Naziv Polja koji će biti DOCTYPE za ovaj link području."
Fieldname {0} appears multiple times in rows {1},"Podataka, Naziv Polja {0} se pojavljuje više puta u redovima {1}"
"Fieldname {0} cannot contain letters, numbers or spaces","Podataka, Naziv Polja {0} ne može sadržavati slova, brojeva ili prostore"
Fields,Polja
"Fields separated by comma (,) will be included in the<br /><b>Search By</b> list of Search dialog box","Polja odvojene zarezom (,) će biti uključen u <br /> <b>Traži po</b> popisu Pretraživanje dijaloškom okviru"
Fieldtype cannot be changed from {0} to {1} in row {2},Fieldtype ne mogu se mijenjati iz {0} u {1} u redu {2}
File,File
File Data,File Podaci
File Name,File Name
File Size,Veličina
File URL,URL datoteke
File not attached,File nije priključen
File size exceeded the maximum allowed size of {0} MB,Veličina datoteke prelazi najveću dopuštenu veličinu od {0} MB
Fill Screen,Ispunite zaslon
Filter,Filter
Filter records based on User Permissions defined for a user,Filtriranje zapisa na temelju dozvole korisnicima definiranim za korisnika
Filters,Filteri
Find {0} in {1},Nađi {0} u {1}
First Name,Ime
Float,Plutati
Float Precision,Float Precision
Font (Heading),Font (Heading)
Font (Text),Font (Tekst)
Font Size,Veličina fonta
Font Size (Text),Veličina fonta (Tekst)
Fonts,Fontovi
Footer,Footer
Footer Background,Footer Pozadina
Footer Items,Footer Proizvodi
Footer Text,Podnožje
For DocType,za DOCTYPEhtml
"For Links, enter the DocType as rangeFor Select, enter list of Options separated by comma","Za Linkovi, unesite DOCTYPEhtml kao rasponu  Za Select, unesite popis Opcije razdvojene zarezom"
"For comparative filters, start with","Za komparativne filtera, početi s"
For example if you cancel and amend 'INV004' it will become a new document 'INV004-1'. This helps you to keep track of each amendment.,"Na primjer, ako ste odustali i dopune &#39;INV004&#39; postat će novi dokument &#39;INV004-1&#39;. To vam pomaže pratiti svaku izmjenu i dopunu."
For ranges,Za raspone
For top bar,Na gornjoj traci
For {0} at level {1} in {2} in row {3},Za {0} na razini {1} u {2} u redu {3}
Forgot Password,Zaboravljena lozinka
Forgot Password?,Zaboravili ste lozinku ?
Form,oblik
Forum,Forum
Forums,Forum
Forward To Email Address,Napadač na e-mail adresu
Frappe Framework,Frappe Framework
Friday,Petak
From Date must be before To Date,Od datuma mora biti prije do danas
Full Name,Ime i prezime
Gantt Chart,Gantogram
Gender,Rod
Generator,generator
Georgia,Gruzija
Get,Kreiraj
Get From ,Kreiraj od
"Get your globally recognized avatar from <a href=""https://gravatar.com/"">Gravatar.com</a>","Uzmite svoj globalno priznata avatar od <a href=""https://gravatar.com/""> Gravatar.com </>"
GitHub,GitHub
GitHub Client ID,GitHub klient ID
GitHub Client Secret,GitHub - tajna klijenta
Github User ID,GitHub korisnički ID
Github Username,GitHub korisničko ime
Google,Google
Google Analytics ID,Google Analytics ID
Google Client ID,Google klient ID
Google Client Secret,Google - tajna klijenta
Google Plus One,Google Plus One
Google User ID,Google korisnički ID
Google Web Font (Heading),Google Web Font (Heading)
Google Web Font (Text),Google Web Font (Tekst)
Greater or equals,Veće ili jednaki
Greater than,Veći od
"Group Added, refreshing...","Grupa dodana, osvježujem..."
Group Description,Opis grupe
Group Name,Naziv grupe
Group Title,Naslov grupe
Group Type,Tip grupe
Groups,Grupe
HTML for header section. Optional,HTML za sekcije zaglavlja. Opcija
Have an account? Login,Imate li korisnički račun? Prijava
Header,Zaglavlje
Heading,Naslov
Heading Text As,Naslov teksta koji je
Help,Pomoć
Help on Search,Pomoć u pretraživanju
Helvetica Neue,Helvetica Neue
Hidden,Skriven
Hide Actions,Sakrij Akcije
Hide Copy,Sakrij Kopija
Hide Heading,Sakrij naslov
Hide Toolbar,Sakrij alatne trake
Hide the sidebar,Sakrij bočni stupac
High,Visok
Highlight,Istaknuto
History,Povijest
Home Page,Početna stranica
Home Page is Products,Početna stranica su proizvodi
ID (name) of the entity whose property is to be set,ID (ime) subjekta čiji je objekt se postaviti
Icon,Ikona
Icon will appear on the button,Ikona će se pojaviti na gumbu
"If a Role does not have access at Level 0, then higher levels are meaningless.","AkoUloga nema pristup na razini 0 , onda je viša razina su besmislene ."
"If checked, all other workflows become inactive.","Ako je označeno, svi ostali tijekovi postaju neaktivne."
"If checked, the Home page will be the default Item Group for the website.","Ako je označeno, stranica Home će biti zadana Grupa za web stranice predmeta."
"If image is selected, color will be ignored (attach first)","Ako je slika odabrana, boja će biti ignoriran (priložiti prvi)"
If non standard port (e.g. 587),Ako ne standardni ulaz (npr. 587)
"If these instructions where not helpful, please add in your suggestions on GitHub Issues.","Ako ove upute gdje nije korisno , dodajte u svojim prijedlozima o GitHub pitanja ."
"If you set this, this Item will come in a drop-down under the selected parent.","Ako postavite ovo , ova stavka će doći u padajućem okviru odabranog roditelja ."
Ignore User Permissions,Ignorirajte korisnička dopuštenja
"Ignoring Item {0}, because a group exists with the same name!","Ignoriranje Stavka {0} , jer jegrupa postoji s istim imenom !"
Image,Slika
Image Link,Link slike
Import,Uvoz
Import / Export Data,Uvoz / izvoz podataka
Import / Export Data from .csv files.,Uvoz / izvoz podataka iz .csv datoteka
In,u
In Dialog,U dialogu
In Filter,U filtru
In List View,U prikazu popisa
In Report Filter,U Prijavi Filter
In points. Default is 9.,U bodovima. Standardni je 9.
In response to,U odgovoru na
Incorrect value in row {0}: {1} must be {2} {3},Netočna vrijednost u redu {0} : {1} mora biti {2} {3}
Incorrect value: {0} must be {1} {2},Netočna vrijednost: {0} mora biti {1} {2}
Index,Indeks
Individuals,Pojedinci
Info,Info
Insert After,Umetni Nakon
"Insert After field '{0}' mentioned in Custom Field '{1}', does not exist","Umetnite Nakon polju ' {0} ' spominje u Custom Field ' {1} ' , ne postoji"
Insert Below,Umetnite Ispod
Insert Code,Umetnite kod
Insert Row,Umetnite liniju
Insert Style,Umetnite stil
Install Applications.,Instaliranje programa .
Installed,Instalirano
Installer,Instalator
Int,Interesi
Integrations,Integracije
Introduce your company to the website visitor.,Uvesti svoju tvrtku za web stranice posjetitelja.
Introduction,Uvod
Introductory information for the Contact Us Page,Uvodni podaci za stranicu Kontaktirajte nas
Invalid Email: {0},Nevažeći email: {0}
Invalid Filter: {0},Nevažeći filter: {0}
Invalid Home Page,Nevažeća naslovnica
Invalid Login,Netočno korisničko ime
Invalid Outgoing Mail Server or Port,Nevažeći server odlazne pošte ili port
Invalid login or password,Netočno korisničko ime ili zaporka
Invalid recipient address,Pogrešna adresa primatelja
Inverse,Inverzan
Is Active,Je aktivan
Is Child Table,Je Dijete Tablica
Is Default,Je zadani
Is Event,je Event
Is Mandatory Field,Je Obvezno polje
Is Single,Je Samac
Is Standard,Je Standardni
Is Submittable,Je Submittable
Is Task,je Task
Item cannot be added to its own descendents,Stavka ne može se dodati u svojim potomcima
JavaScript Format: frappe.query_reports['REPORTNAME'] = {},JavaScript format : frappe.query_reports [ ' REPORTNAME ' ] = { }
Javascript,Javascript
Javascript to append to the head section of the page.,Javascript da doda glave dijelu stranice.
Key,Ključ
Label,Oznaka
Label Help,Oznaka pomoć
Label and Type,Oznaka i tip
Label is mandatory,Oznaka je obvezna
Landing Page,Odredišna stranica
Language,Jezik
Language preference for user interface (only if available).,Odabir jezika za korisničko sučelje (samo ako je dostupan).
"Language, Date and Time settings","Postavke za jezik, datum i vrijeme"
Last IP,Posljednja IP
Last Login,Zadnja prijava
Last Name,Prezime
Last updated by,Posljednji put ažurirao
Lastmod,lastmod
Lato,Lato
Leave blank to repeat always,Ostavite prazno ponoviti uvijek
Left,Lijevo
Less or equals,Manje ili jednako
Less than,Manje od
Letter,Pismo
Letter Head,Zaglavlje
Letter Head Name,Naziv zaglavlja
Letter Head in HTML,Zaglavlje HTML
Level,Razina
"Level 0 is for document level permissions, higher levels for field level permissions.","Razina 0 je za dokument na razini dozvole, višim razinama za terenske razine dozvola."
Like,Kao
Link,Poveznica
"Link that is the website home page. Standard Links (index, login, products, blog, about, contact)","Link koji jepočetna stranica web stranice . Standardni linkovi ( indeks , prijava , proizvodi , blog , o, kontakt)"
Link to other pages in the side bar and next section,Link na drugim stranicama na strani bar i sljedeću sekciju
Link to the page you want to open,Link na stranicu koju želite otvoriti
Linked In Share,Podijeli povezane
Linked With,Povezan s
List,Popis
List a document type,Popis vrstu dokumenta
List of Web Site Forum's Posts.,Popis web stranicama Foruma postova .
Loading,Utovar
Loading Report,Učitavanje izvješće
Loading...,Učitavanje ...
Localization,Lokalizacija
Location,Lokacija
Log of error on automated events (scheduler).,Prijavite se pogreške na automatiziranim događaja ( programer) .
Login,Prijava
Login After,Prijavite Nakon
Login Before,Prijavite Prije
Login Id,Prijavni Id
Login not allowed at this time,Prijava nije dopuštena u ovom trenutku
Logout,Odjava
Long Text,Dugo Tekst
Low,Nisko
Lucida Grande,Lucidi Grande
Mail Password,Mail Lozinka
Main Section,Glavni Odjeljak
Make a new,Napravite novi
Make a new record,Napravite novi rekord
Male,Muški
Manage cloud backups on Dropbox,Upravljanje cloud backup na Dropbox
Manage uploaded files.,Upravljanje upload datoteka .
Mandatory,Obavezan
Mandatory fields required in {0},Obavezna polja potrebni u {0}
Mandatory filters required:\n,Obvezni filteri potrebni : \ n
Master,Majstor
Max Attachments,Max Privitci
Max width for type Currency is 100px in row {0},Max širina vrste valute je 100px u redu {0}
"Meaning of Submit, Cancel, Amend","Značenje Podnijeti, Odustani, Izmijeniti"
Medium,Srednji
"Menu items in the Top Bar. For setting the color of the Top Bar, go to <a href=""#Form/Style Settings"">Style Settings</a>","Opcije izbornika u gornjoj traci. Za postavljanje boju Top Baru, idite na <a href=""#Form/Style Settings"">Postavke stila</a>"
Merging is only possible between Group-to-Group or Leaf Node-to-Leaf Node,Spajanje je moguće samo između Group - na - Grupe ili Leaf od čvora do čvor nultog stupnja
Message,Poruka
Message Examples,Primjeri poruka
Messages,Poruke
Method,Način
Middle Name (Optional),Krsno ime (opcionalno)
Misc,Ostalo
Miscellaneous,Razni
Missing Values Required,Nedostaje vrijednosti potrebne
Modern,Moderna
Modified by,Izmijenio
Module,Modul
Module Def,Modul Def
Module Name,Modul Ime
Module Not Found,Modul nije pronađen
Modules Setup,Moduli Setup
Monday,Ponedjeljak
More,Više
More content for the bottom of the page.,Više sadržaja za dnu stranice.
Move Down: {0},Pomicanje dolje : {0}
Move Up: {0},Move Up : {0}
Multiple root nodes not allowed.,Više korijen čvorovi nisu dopušteni .
Must have report permission to access this report.,Mora imati izvješće dozvolu za pristup ovom izvješću.
Must specify a Query to run,Mora se odrediti upita za pokretanje
My Settings,Moje postavke
Name,Ime
Name Case,Ime slučaja
Name and Description,Ime i opis
Name is required,Ime je potrebno
Name not permitted,Ime nije dopušteno
Name not set via Prompt,Ne postavljajte ime preko Prompt-a
Name of the Document Type (DocType) you want this field to be linked to. e.g. Customer,Naziv vrste dokumenta (DOCTYPE) želite li da to polje bude povezano na naprimjer kupca
Name of {0} cannot be {1},Naziv od {0} ne može biti {1}
Naming,Imenovanje
Naming Series mandatory,Obvezno odabrati seriju
Nested set error. Please contact the Administrator.,Došlo je do pogreške u postavkama. Molimo Vas da kontaktirate administratora.
New,Nova
New Password,Nova zaporka
New Record,Novi rekord
New comment on {0} {1},Novi komentar na {0} {1}
New password emailed,Nova zaporka poslana mailom
New value to be set,Nova vrijednost treba postaviti
New {0},Nova {0}
Next Communcation On,Sljedeća komunikacijski Na
Next Record,Sljedeći slog
Next State,Sljedeća država
Next actions,Sljedeći akcije
No,Ne
No Action,Nema Akcija
No Communication tagged with this ,Ne Komunikacija označio s ovim
No Copy,Ne Kopirajte
No Permissions set for this criteria.,Nema dozvole postavljen za ove kriterije.
No Report Loaded. Please use query-report/[Report Name] to run a report.,Ne Izvješće Loaded. Molimo koristite upita izvješće / [Prijavi Ime] pokrenuti izvješće.
No Results,nema Rezultati
No Sidebar,Ne Bočna
No User Permissions found.,Nema korisnika Dozvole pronađena .
No data found,Nema pronađenih podataka
No file attached,No file u prilogu
No further records,Nema daljnjih zapisi
No one,Niko
No permission to '{0}' {1},Nema dozvole za ' {0} ' {1}
No permission to edit,Nema dozvole za uređivanje
No permission to write / remove.,Nema dozvole za pisanje / uklanjanje.
No records tagged.,Nema zapisa tagged.
No template found at path: {0},Ne predložak naći na putu: {0}
No {0} permission,Ne {0} dopuštenje
None,Nijedan
None: End of Workflow,Ništa: Kraj Workflow
Not Found,Not Found
Not Linked to any record.,Nije povezan s bilo rekord.
Not Permitted,Nije dopušteno
Not Submitted,ne Postavio
Not a user yet? Sign up,Nekorisnik? Prijavite se
Not a valid Comma Separated Value (CSV File),Nevrijedi vrijednosti odvojene zarezima ( CSV ​​datoteke )
Not allowed,nije dopušteno
Not allowed from this IP Address,Nije dopušteno s ove IP adrese
Not allowed to Import,Nije dopušteno uvoziti
Not allowed to access {0} with {1} = {2},Nije dopušteno pristup {0} sa {1} = {2}
Not allowed to change {0} after submission,Nije dopušteno mijenjati {0} nakon dostavljanja
Not allowed to move,Nije dopušteno da se presele
Not allowed to reset the password of {0},Nije dopušteno za resetiranje lozinke od {0}
Not enough permission to see links.,Nije dovoljno dozvolu za vidjeti linkove.
Not equals,nisu jednaki
Not found,nije pronađen
Not in Developer Mode! Set in site_config.json,Ne u načinu rada za razvojne ! Postavite u site_config.json
Not permitted,nije dopušteno
"Note: For best results, images must be of the same size and width must be greater than height.","Napomena: Za najbolje rezultate, slike moraju biti iste veličine i širine mora biti veća od visine."
Note: Other permission rules may also apply,Napomena: Ostala pravila dozvole također može primijeniti
Note: maximum attachment size = 1mb,Napomena: maksimalna veličina privitka = 1MB
Nothing to show,Ništa pokazati
Nothing to show for this selection,Ništa za pokazati ovom izboru
Notification Count,Obavijest Točka
Notify by Email,Obavijesti putem e-pošte
Number Format,Broj Format
Old Parent,Stari Roditelj
On,na
"Once you have set this, the users will only be able access documents (eg. Blog Post) where the link exists (eg. Blogger).","Nakon što ste postavili to, korisnici će biti samo u mogućnosti pristupa dokumentima ( npr. blog post ) gdje jeveza postoji ( npr. Blogger ) ."
Only Administrator allowed to create Query / Script Reports,Samo administrator dopustio stvaranje upita / Skripta Izvješća
Only Administrator can save a standard report. Please rename and save.,Samo administrator može uštedjeti standardne izvješće. Molimo preimenovati i spasiti.
Only Allow Edit For,Dopusti uređivanje samo za
Only allowed {0} rows in one import,Samo dopušteni {0} redaka u jednoj uvoza
Oops! Something went wrong,Ups! Nešto je pošlo po zlu
Open,Otvoreno
Open Count,Otvorena Točka
Open Sans,Otvoreni Sans
Open Source Web Applications for the Web,Open source web aplikacija za web
Open a module or tool,Otvorite modul ili alat
Open {0},Otvorena {0}
Optional: Alert will only be sent if value is a valid email id.,Opcionalno: Alert će biti poslan samo ako je vrijednost valjana e-mail ID.
Optional: Always send to these ids. Each email id on a new row,Opcionalno: Uvijek poslati tih IDS. Svaka e-mail ID na novom redu
Optional: The alert will be sent if this expression is true,Opcionalno: upozorenje će biti poslana ako ovaj izraz je istina
Options,Opcije
Options 'Dynamic Link' type of field must point to another Link Field with options as 'DocType',Opcije 'Dynamic Link' tip terena mora ukazati na drugo polje veze s opcijama kao 'DOCTYPEhtml'
Options Help,Opcije - pomoć
Options for select. Each option on a new line. e.g.: <br>Option 1<br>Option 2<br>Option 3<br>,Opcije za odabir. Svaka opcija na novoj liniji. npr.: <br> Opcija 1 <br> Opcija 2 <br> Opcija 3 <br>
Options must be a valid DocType for field {0} in row {1},Opcije mora bitivaljana DOCTYPE za polje {0} je u redu {1}
Options not set for link field {0},Opcije nije postavljen za link polju {0}
Options requried for Link or Table type field {0} in row {1},Opcije requried za Link ili tipa Tablica polju {0} je u redu {1}
Org History,org Povijest
Org History Heading,Org Povijest Heading
Original Message,Izvorni Poruka
Other,Drugi
Outgoing Email Settings,Odlazni e-mail postavke
Outgoing Mail Server,Odlazni Mail Server
Outgoing Mail Server not specified,Server Odlazni Mail nije navedeno
Owner,vlasnik
PDF Page Size,PDF Page Size
PDF Settings,PDF postavke
POP3 Mail Server (e.g. pop.gmail.com),POP3 Mail Server (npr. pop.gmail.com)
Page,Stranica
Page #{0} of {1},Stranica # {0} od {1}
Page Background,Pozadina stranice
Page HTML,HTML stranica
Page Header,Zaglavlje stranice
Page Header Background,Pozadina zaglavlja
Page Header Text,Tekst zaglavlja
Page Links,Poveznice stranice
Page Name,Ime stranice
Page Role,Stranica Uloga
Page Text,Tekst stranice
Page Title,Naslov stranice
Page content,Sadržaj stranice
Page not found,Stranica nije pronađena
Page or Generator,Stranica ili generator
Page url name (auto-generated),Auto-generirani url stranice
Parent Label,Roditelj Label
Parent Post,roditelj Post
Parent Website Page,Roditelj Web Stranica
Parent Website Route,Roditelj Web Route
Parent Website Sitemap,Roditelj Web Mapa
Participants,Sudionici
Password,Zaporka
Password Updated,Obnovljena zaporka
Password reset instructions have been sent to your email,Password Reset upute su poslani na e-mail
Patch,Zakrpa
Patch Log,Patch Prijava
Percent,Postotak
Perm Level,Perm Level
Permanently Cancel {0}?,Trajno Odustani {0} ?
Permanently Submit {0}?,Trajno Podnijeti {0} ?
Permanently delete {0}?,Trajno brisanje {0} ?
Permission Level,Dopuštenje Razina
Permission Levels,Razine dozvola
Permission Rules,Dopuštenje Pravila
Permission already set,Dopuštenje je već postavljen
Permissions,Dopuštenja
Permissions Settings,Dozvole Postavke
Permissions are automatically translated to Standard Reports and Searches.,Dozvole automatski se prevode na standardnih izvješća i pretraživanja .
"Permissions are set on Roles and Document Types (called DocTypes) by setting rights like Read, Write, Create, Delete, Submit, Cancel, Amend, Report, Import, Export, Print, Email and Set User Permissions.","Dozvole su postavljene na uloge i vrsta dokumenata (zove DocTypes ) postavljanjem prava kao što su čitanje , pisanje, stvaranje, brisanje, Slanje , Odustani , Izmijeniti , izvješće , uvoz , izvoz , ispis , e-mail i postaviti dozvole korisnicima ."
Permissions at higher levels are 'Field Level' permissions. All Fields have a 'Permission Level' set against them and the rules defined at that permissions apply to the field. This is useful in case you want to hide or make certain field read-only for certain Roles.,Prava na višim razinama dozvole ' jednakih ' .
"Permissions at level 0 are 'Document Level' permissions, i.e. they are primary for access to the document.","Dozvole na razini 0 su &#39;dokument razini&#39; dozvole, odnosno oni su primarni za pristup dokumentu."
Permissions get applied on Users based on what Roles they are assigned.,Prava se primjenjuju na korisnike na temelju onoga što Uloge su dodijeljeni .
Permitted Documents For User,Dopuštene Dokumenti za korisničke
Person,Osoba
Personal Info,Osobni podaci
Phone,Telefon
Phone No.,Telefonski broj
Pick Columns,Pick stupce
Picture URL,URL slike
Pincode,Poštanski broj
Please attach a file first.,Molimo priložite datoteku prva.
Please attach a file or set a URL,Molimo priložite datoteku ili postaviti URL
Please do not change the rows above {0},"Molim vas, nemojte mijenjati retke iznad {0}"
Please enable pop-ups,Molimo omogućite pop-up prozora
Please enter Event's Date and Time!,Unesite događaja Datum i vrijeme!
Please enter both your email and message so that we \				can get back to you. Thanks!,"Molimo unesite i svoj e-mail i poruke, tako da smo \ može se vratiti k vama. Zahvaljujemo!"
Please enter some text!,Unesite tekst !
Please enter title!,Unesite naslov !
Please login to Upvote!,"Molimo , prijavite se upvote !"
Please make sure that there are no empty columns in the file.,Molimo provjerite da nema praznih stupaca u datoteci.
Please refresh to get the latest document.,Osvježite se dobiti najnovije dokument.
Please reply above this line or remove it if you are replying below it,Molim odgovor iznad ove linije ili ukloniti ako odgovarate ispod njega
Please select a file or url,Molimo odaberite datoteku ili url
Please select atleast 1 column from {0} to sort,Odaberite atleast jedan stupac s {0} za sortiranje
Please set {0} first,Molimo postavite {0} Prvi
Please specify,Navedite
Please specify 'Auto Email Id' in Setup > Outgoing Email Settings,Navedite ' Id Auto e ' u Setup > odlazne e-pošte Postavke
Please specify Event date and time,Navedite datum i vrijeme događaja
Please specify doctype,Navedite vrstu dokumenata
Please specify user,Navedite korisnika
Please specify which date field must be checked,Navedite koji datiraju polje mora biti označeno
Please specify which value field must be checked,Navedite što vrijednost polja moraju biti provjereni
Please upload using the same template as download.,Molimo upload koristeći isti predložak kao download.
Plugin,plugin
Port,luka
Post,poslije
Post Publicly,Objavi javno
Post Topic,Post Tema
Post already exists. Cannot add again!,Post već postoji . Ne možete dodavati opet !
Post does not exist. Please add post!,Post ne postoji . Molimo dodajte post!
Post to user,Postavljati na korisnika
Posts,Postovi
Previous Record,Prethodni rekord
Primary,Osnovni
Print,Ispis
Print Format,Format ispisa
Print Format Help,Print Format Pomoć
Print Format Type,Ispis formatu
Print Format {0} does not exist,Print Format {0} ne postoji
Print Format {0} is disabled,Print Format {0} je onemogućen
Print Hide,Ispis Sakrij
Print Settings,Postavke ispisa
Print Style,Ispis Style
Print Style Preview,Prikaz stila ispisa
Print Width,Širina ispisa
"Print with Letterhead, unless unchecked in a particular Document","Ispis sa zaglavljem, osim ako se ne označenim u određenom dokumentu"
Print...,Ispis ...
Printing and Branding,Tiskanje i brendiranje
Priority,Prioritet
Private,Privatan
Properties,Nekretnine
Property,Vlasništvo
Property Setter,Nekretnine seter
Property Type,Vrsta nekretnine
Public,Javni
Published,Objavljen
Published On,Objavljeno Dana
Published on website at: {0},Objavljeni na web stranici: {0}
Pull Emails from the Inbox and attach them as Communication records (for known contacts).,"Povucite e-pošte iz mape Primljeno, te ih priložiti kao Communication zapisa (za poznate kontakte)."
Query,Upit
Query Options,Opcije upita
Query Report,Izvješće upita
Query must be a SELECT,Upit mora biti SELECT
Quick Help for Setting Permissions,Brza pomoć za postavljanje dopuštenja
Quick Help for User Permissions,Brza pomoć za korisnička dopuštenja
Re-open,Ponovno otvorena
Read,Čitati
Read Only,Read Only
Received,primljen
Recipient,Primalac
Recipients,Primatelji
Record does not exist,Zapis ne postoji
Ref DocType,Ref. DOCTYPE
Ref Name,Ref. Ime
Ref Type,Ref. Tip
Reference,Upućivanje
Reference DocName,Referentna DocName
Reference DocType,Referentna DOCTYPEhtml
Reference Name,Referenca Ime
Reference Type,Referentna Tip
Refresh,Osvježiti
Refreshing...,Osvježavajući ...
Registered but disabled.,Registrirani ali onemogućen.
Registration Details Emailed.,Registracija Detalji Poslano.
Reload Page,Osvježi stranicu
Remove Bookmark,Uklonite Bookmark
Remove all customizations?,Uklonite sve prilagodbe ?
Rename many items by uploading a .csv file.,Preimenovanje mnoge stavke upload . Csv datoteku .
Rename...,Promjena naziva ...
Repeat On,Ponovite Na
Repeat Till,Ponovite Do
Repeat this Event,Ponovite ovaj događaj
Replies,Odgovora
Report,Prijavi
Report Builder,Report Builder
Report Builder reports are managed directly by the report builder. Nothing to do.,Report Builder izvješća se izravno upravlja Report Builder. Ništa učiniti.
Report Hide,Prijavi Sakrij
Report Name,Naziv izvješća
Report Type,Prijavi Vid
Report an Issue,Prijavi problem
Report cannot be set for Single types,Izvješće ne može se postaviti za samohrane vrste
Report this issue,Prijavite ovaj problem
Report was not saved (there were errors),Izvješće nije spašen (bilo pogrešaka)
Reqd,Reqd
Reset Password Key,Reset Password ključ
Reset Permissions for {0}?,Reset dopuštenja za {0} ?
Response,Odgovor
Restrict IP,Zabraniti IP
Restrict user from this IP address only. Multiple IP addresses can be added by separating with commas. Also accepts partial IP addresses like (111.111.111),Zabraniti korisnika iz ove IP adrese samo. Višestruki IP adrese može biti dodan odvajajući zarezima. Također prihvaća djelomične IP adrese kao što su (111.111.111)
Right,Desno
Role,Uloga
Role Name,Uloga Ime
Role Permissions Manager,Uloga Dozvole Manager
Role and Level,Uloga i Level
Role exists,Uloga postoji
Roles,Uloge
Roles Assigned,Uloge Dodijeljeni
Roles Assigned To User,Uloge dodijeljena Korisniku
Roles HTML,Uloge HTML
Roles can be set for users from their User page.,Uloge se mogu postaviti za korisnike iz svoje korisničke stranice .
Root {0} cannot be deleted,Korijen {0} se ne može izbrisati
Row,Red
Row #{0}:,Row # {0}:
Rules defining transition of state in the workflow.,Pravila definiraju prijelaz stanja u tijek rada.
"Rules for how states are transitions, like next state and which role is allowed to change state etc.","Pravila za koliko su države prijelaza, kao i sljedeći države i koja uloga je dozvoljeno da promijeni stanje itd."
Run scheduled jobs only if checked,Trčanje rasporedu radnih mjesta samo ako provjeriti
Run the report first,Pokrenite izvješće prvi
SMTP Server (e.g. smtp.gmail.com),SMTP poslužitelj (npr. smtp.gmail.com)
Sales,Prodaja
Same file has already been attached to the record,Sve file već priključen na zapisnik
Sample,Uzorak
Saturday,Subota
Save,Spremi
Scheduler Log,Planer Prijava
Script,Skripta
Script Report,Skripta Prijavi
Script Type,Skripta Tip
Search,Traži
Search Fields,Polje za pretragu
Search in a document type,Traži u vrsti dokumenta
Search or type a command,Traži ili upišite naredbu
Section Break,Odjeljak Break
Security,Sigurnost
Security Settings,Sigurnosne postavke
Select,Odabrati
Select All,Odaberite sve
Select Attachments,Odaberite privitke
Select Document Type,Odaberite vrstu dokumenta
Select Document Type or Role to start.,Odaberite vrstu dokumenta ili ulogu za početak.
Select Print Format,Odaberite format ispisa
Select Report Name,Odaberite naziv izvješća
Select Role,Odaberite ulogu
Select To Download:,Odaberete preuzimanje:
Select Type,Odaberite tip
Select User or DocType to start.,Odaberite korisnika ili vrstu dokumenta za početak.
Select a Banner Image first.,Odaberite prvo sliku banera.
Select an image of approx width 150px with a transparent background for best results.,Odaberite sliku od cca 150px širine s transparentnom pozadinom za najbolje rezultate.
Select dates to create a new ,Odaberite datum za kreiranje nove
"Select modules to be shown (based on permission). If hidden, they will be hidden for all users.","Odaberite modula koji će biti prikazan ( na temelju odobrenja ) . Ako skriveno , oni će biti skriven za sve korisnike ."
Select or drag across time slots to create a new event.,Odaberite ili povucite preko minutaže stvoriti novi događaj.
"Select target = ""_blank"" to open in a new page.","Select target = "" _blank "" otvara se u novu stranicu ."
Select the label after which you want to insert new field.,Odaberite oznaku nakon što želite umetnuti novo polje.
Send,Poslati
Send Alert On,Pošalji upozorenje na
Send As Email,Pošalji kao email
Send Email,Pošaljite e-poštu
Send Email Print Attachments as PDF (Recommended),Pošalji E-mail Ispis privitaka u PDF (preporučeno)
Send Me A Copy,Pošaljite mi kopiju
Send Password,Pošalji lozinku
Send Print as PDF,Pošalji Print as PDF
Send alert if date matches this field's value,Pošalji upozorenje ako datum odgovara vrijednost ovom području je
Send alert if this field's value changes,Pošalji upozorenje ako se vrijednost mijenja ovom području je
Send an email reminder in the morning,Pošaljite email podsjetnik ujutro
Send download link of a recent backup to System Managers,Pošaljite link za download od nedavne sigurnosne kopije na System upravitelje
Send enquiries to this email address,Upite slati na ovu e-mail adresu
Sender,Pošiljalac
Sent,Poslano
Sent Mail,Poslana pošta
Sent Quotation,Sent Ponuda
Sent or Received,Poslana ili primljena
Series,serija
Series {0} already used in {1},Serija {0} već koristi u {1}
Server,Server
Server & Credentials,Server & Mandatno
Server Error: Please check your server logs or contact tech support.,Pogreška poslužitelja : Provjerite svoje logove poslužitelja ili kontaktirajte tehničku podršku.
Session Expired. Logging you out,Sjednica je istekao. Odjavljivanje
Session Expiry,Sjednica isteka
Session Expiry in Hours e.g. 06:00,Sjednica Rok u Hours npr. 06:00
Session Expiry must be in format {0},Sjednica isteka mora biti u obliku {0}
Set Banner from Image,Postavite banner sa slike
Set Link,Postavite link
Set Login and Password if authentication is required.,"Postavite prijavu i lozinku, ako je autorizacija potrebna."
Set Only Once,Postaviti samo jednom
Set Password,Postavi lozinku
Set Permissions on Document Types and Roles,Postaviti dozvole vrsta dokumenata i uloge
Set Permissions per User,Određivanje dopuštenja po korisniku
Set User Permissions,Postavi korisnička dopuštenja
Set Value,Postavite vrijednost
"Set default format, page size, print style etc.","Postavite zadani format, veličina stranice, print stil itd."
Set numbering series for transactions.,Postavite broje niz za transakcije .
Set outgoing mail server.,Postavite poslužitelj odlazne pošte .
Settings,Postavke
Settings for About Us Page.,Postavke za O nama Page.
Settings for Contact Us Page.,Postavke za Kontaktirajte nas stranicu.
Setup,Postavljanje
Setup > User,Postavljanje> User
Setup > User Permissions Manager,Postavljanje> korisničkim dozvolama Manager
Setup Email Alert based on various criteria.,Postavljanje Email upozorenja na temelju različitih kriterija.
Setup of fonts and background.,Postavljanje fontova i pozadine.
"Setup of top navigation bar, footer and logo.","Postavljanje gornjoj navigacijskoj traci, podnožje i logo."
Short Bio,Kratka Biografija
Short Name,Kratko Ime
Shortcut,Prečac
Show / Hide Modules,Show / Hide Moduli
Show Print First,Pokaži Ispis Prvo
Show Tags,Pokaži Oznake
Show or hide modules globally.,Prikazivanje ili skrivanje module na globalnoj razini .
Show rows with zero values,Prikaži retke s nula vrijednosti
Show tags,Pokaži tagovi
Show this field as title,Pokažite ovaj polja kao naslovom
Showing only for (if not empty),Prikaz samo za ( ako ne i prazna )
Sidebar,Bočna
Sidebar Items,Bočna Stavke
Sidebar Links for Home Page only,Bočna linkovi za početnu stranicu samo
Sign Up,Prijavite se
Sign in,Prijavite se
Sign up,Prijavite se
Single Post (article).,Single Post (članak).
Single Types have only one record no tables associated. Values are stored in tabSingles,Pojedinačne vrste imaju samo jedan zapis nema tablice povezane . Vrijednosti su pohranjeni u tabSingles
Sitemap Browser,Mapa preglednik
Slideshow,Slideshow
Slideshow Items,Slideshow Proizvodi
Slideshow Name,SLIKA Naziv
Small Text,Mali Tekst
Social Login Keys,Društvena Prijava Keys
Solid background color (default light gray),Čvrsta boja pozadine (zadano svijetlo siva)
Sorry we were unable to find what you were looking for.,Nažalost nismo uspjeli pronaći ono što su tražili.
Sorry you are not permitted to view this page.,Žao nam je što nije dozvoljeno da vidite ovu stranicu.
Sort By,Sortiraj po
Sort Field,Sortiranje polja
Sort Order,sortiranje
Standard,Standard
Standard Print Format cannot be updated,Standardni format ispisa ne može biti obnovljeno
Standard Reply,Standardna Odgovor
Standard Reports,Standardni Izvješća
Standard replies to common queries.,Standardni odgovori na uobičajene upite.
Start Report For,Početak izvješće za
Starts on,Počinje na
State,Država
States,Države
"States for workflow (e.g. Draft, Approved, Cancelled).","Države za tijek rada ( npr. skicu, odobreno Otkazan ) ."
Static File Timestamp,Statički dokumenta Timestamp
Status,Status
Step 1: Set the name and save.,Korak 1 : Postavite ime i spremiti .
Step 2: Set Letterhead content.,2. korak : Postavite papir sa zaglavljem sadržaja .
Style,Stil
Style Settings,Stil Postavke
"Style represents the button color: Success - Green, Danger - Red, Inverse - Black, Primary - Dark Blue, Info - Light Blue, Warning - Orange","Stil predstavlja boju gumba: Uspjeh - zelena, opasnosti - Crvena, Inverzni - crna, Primarni - tamnoplava, info - svjetlo plava, upozorenje - Orange"
Sub-domain provided by erpnext.com,Pod-domene pruža erpnext.com
Subdomain,Poddomena
Subject,Predmet
Submit,Potvrdi
Submit an Issue,Slanje problem
Submitted,Potvrđeno
Submitted Document cannot be converted back to draft. Transition row {0},Postavio Dokument se ne može pretvoriti natrag u nacrtu .
Success,Uspješno
Suggestion,Prijedlog
Sunday,Nedjelja
Switch to Website,Prebacite se na web stranicu
Sync Inbox,Sinkronizacija ulazne pošte
System,Sustav
System Settings,Postavke sustava
System User,Korisnik sustava
System and Website Users,Korisnici sustava i web stranice
System generated mails will be sent from this email id.,Mailovi generirani sustavom bit će poslani ovog maila.
Table,Stol
Table {0} cannot be empty,Tabela {0} ne može biti prazno
Tag,Privjesak
Tag Name,Oznaka Ime
Tags,Oznake
Tahoma,Tahoma
Target,Meta
Tasks,zadaci
Team Members,Članovi tima
Team Members Heading,Članovi tima Naslov
Template,Predložak
Template Pages cannot be moved,Predložak stranica ne može se premjestiti
Test,Test
Test Runner,Test Runner
Text,Tekst
Text Align,Tekst Poravnajte
Text Editor,Tekst Editor
Thank you for your message,Hvala vam za vašu poruku
The name of your company / website as you want to appear on browser title bar. All pages will have this as the prefix to the title.,Naziv tvrtke / web stranice kao što želite da se pojavi na naslovnoj traci preglednika. Sve stranice će imati to kao prefiks na naslov.
The system provides many pre-defined roles. You can add new roles to set finer permissions.,Sustav nudi brojne unaprijed definirane uloge . Možete dodavati nove uloge postaviti finije dozvole.
Then By (optional),Zatim Do (opcionalno)
There should remain at least one System Manager,Tu bi trebao ostati barem jedan sustav Manager
There were errors,Bilo je grešaka
There were errors while sending email. Please try again.,Bilo je grešaka tijekom slanja e-pošte. Molimo pokušajte ponovno .
"There were some errors setting the name, please contact the administrator","Bilo je nekih pogrešaka postavljanje ime, kontaktirajte administratora"
"These permissions will apply for all transactions where the permitted record is linked. For example, if Company C is added to User Permissions of user X, user X will only be able to see transactions that has company C as a linked value.",Te dozvole će se primjenjivati ​​za sve transakcije u kojimaje dopušteno snimanje je povezan .
These values will be automatically updated in transactions and also will be useful to restrict permissions for this user on transactions containing these values.,"Ove vrijednosti će se automatski ažuriraju u prometu, te će također biti korisno ograničiti dozvole za ovog korisnika o transakcijama koje sadrže te vrijednosti."
"These will also be set as default values for those links, if only one such permission record is defined.","To će također biti postavljen kao zadane vrijednosti za one linkove , ako samo jedan je takvo dopuštenje rekord definiran ."
Third Party Authentication,Autentičnosti treće strane
This field will appear only if the fieldname defined here has value OR the rules are true (examples): <br>myfieldeval:doc.myfield=='My Value'<br>eval:doc.age>18,"Ovo polje će se pojaviti samo ako podataka, Naziv Polja ovdje definirana ima vrijednost ili pravila su pravi (primjeri): <br>  myfield  vrednuje: doc.myfield == 'Moj Vrijednost' <br>  vrednuje: doc.age> 18"
This goes above the slideshow.,To ide iznad slideshow.
This is PERMANENT action and you cannot undo. Continue?,"To je stalna akcija, a ne možete poništiti. Nastaviti?"
"This is a standard format. To make changes, please copy it make make a new format.","To je standardni format. Da bi promjene, kopirajte to bi napraviti novi format."
This is permanent action and you cannot undo. Continue?,"To je stalna akcija, a ne možete poništiti. Nastaviti?"
This must be checked if Style Settings are applicable,To mora biti označeno ako Style Postavke se primjenjuju
This role update User Permissions for a user,Ova uloga ažuriranje korisnik dozvole za korisnika
Thursday,Četvrtak
Tile,Pločica
Time,Vrijeme
Time Zone,Time Zone
Timezone,Timezone
Title,Naslov
Title / headline of your page,Naslov / naslov vaše stranice
Title Case,Naslov slučaja
Title Field,Naslov Field
Title Prefix,Naslov Prefiks
Title field must be a valid fieldname,"Naslov polje mora bitivaljana podataka, Naziv Polja"
Title is required,Naslov je potrebno
To,Na
To Do,Podsjetnik
"To format columns, give column labels in the query.","Za formatiranje stupaca, daju natpise stupaca u upitu."
"To give acess to a role for only specific records, check the 'Apply User Permissions'. User Permissions are used to limit users with such role to specific records.","Dati acess na ulogu samo u određenim zapisima , provjerite' Primijeni korisničkim dozvolama ' ."
"To run a test add the module name in the route after '{0}'. For example, {1}","Za pokretanjetesta dodati ime modula u pravac nakon ' {0} ' . Na primjer , {1}"
ToDo,Za napraviti
Too many writes in one request. Please send smaller requests,Previše piše u jednom zahtjevu . Molimo poslali manje zahtjeve
Top Bar,Najbolje Bar
Top Bar Background,Najbolje Bar Pozadina
Top Bar Item,Najbolje Bar artikla
Top Bar Items,Top Bar Proizvodi
Top Bar Text,Top Bar Tekst
Top Bar text and background is same color. Please change.,Najbolje bar tekst i pozadina iste boje. Molimo promijeniti.
Transaction,Transakcija
Transition Rules,Prijelazna pravila
Tuesday,Utorak
Tweet will be shared via your user account (if specified),Tweet će se dijeliti putem vašeg korisničkog računa (ako je određeno)
Twitter Share,Twitter Share
Twitter Share via,Twitter Podijeli putem
Type,Vrsta
Unable to find attachment {0},Nije moguće naći attachment {0}
Unable to load: {0},Nije moguće opterećenje : {0}
Unable to open attached file. Please try again.,Ne mogu otvoriti priloženu datoteku . Molimo pokušajte ponovno .
Unable to send emails at this time,Nije moguće poslati e-mail u ovom trenutku
Unknown Column: {0},Nepoznato Stupac : {0}
"Unknown file encoding. Tried utf-8, windows-1250, windows-1252.","Nepoznato spis. Pokušao UTF - 8 , Windows 1250, Windows - 1252 ."
Unread Messages,Nepročitane poruke
Unsubscribe,Odjava
Unsubscribed,Pretplatu
Upcoming Events for Today,Buduća događanja za danas
Update,Ažurirati
Update Field,Update Field
Update Value,Ažurirajte vrijednost
Updated,Obnovljeno
Upload,Pošalji
Upload Attachment,Prenesi Prilog
Upload CSV file containing all user permissions in the same format as Download.,Pošalji CSV datoteku koja sadrži sve korisničke dozvole u istom obliku kao preuzimanje.
Upload a file,Prenesi datoteku
Upload and Import,Upload i uvoz
Upload and Sync,Postaviti i Sync
Uploading...,Prijenos ...
Upvotes,Upvotes
Use TLS,Koristi TLS
User,Korisnik
User Cannot Create,Korisnik ne može stvoriti
User Cannot Search,Korisnik ne može tražiti
User Defaults,Profil Zadano
User ID of a blog writer.,Korisnički ID bloga pisac .
User Image,Upute slike
User Permission,Korisnička ovlast
User Permissions,Korisničke ovlasti
User Permissions Manager,Upravitelj korisničkih ovlasti
User Roles,Korisničke Uloge
User Tags,Upute Tags
User Type,Vrsta korisnika
"User Type ""System User"" can access Desktop. ""Website User"" can only be logged into the website and portal pages. ","User Type ""System User"" can access Desktop. ""Website User"" can only be logged into the website and portal pages. "
User Vote,Korisnik Glasaj
User not allowed to delete {0}: {1},Korisniku nije dopušteno brisati {0}: {1}
User permissions should not apply for this Link,Ovlaštenja korisnika ne bi trebao podnijeti zahtjev za ovaj link
User {0} cannot be deleted,Korisnik {0} se ne može izbrisati
User {0} cannot be disabled,Korisnik {0} se ne može isključiti
User {0} cannot be renamed,Korisnik {0} se ne može preimenovati
User {0} does not exist,Korisnik {0} ne postoji
UserRole,UserRole
Users and Permissions,Korisnici i dozvole
Users with role {0}:,Korisnici s ulogom {0} :
Valid Login id required.,Uredan Prijava id potrebna.
Valid email and name required,Valjana email i ime potrebna
Value,Vrijednost
Value Change,Vrijednost Promjena
Value Changed,Vrijednost promijenila
Value cannot be changed for {0},Vrijednost ne može se mijenjati za {0}
Value for a check field can be either 0 or 1,Vrijednost za kontrola polja može biti 0 ili 1.
Value missing for,Vrijednost nestao
Verdana,Verdana
Version,verzija
Version restored,verzija obnovljena
View or manage Website Route tree.,Gledati niti stablo Web rute .
Visit,Posjetiti
Warning,Upozorenje
Warning: This Print Format is in old style and cannot be generated via the API.,Upozorenje: Ovaj format ispisa u starom stilu i ne može biti generiran preko API-ja.
Web Page,Web stranica
Web Site Forum Page.,Web stranice Forum Page .
Website,Website
Website Group,web Group
Website Route,web stranica Mapa
Website Route Permission,Web Route Dopuštenje
Website Script,Web Skripta
Website Settings,Website Postavke
Website Slideshow,Web Slideshow
Website Slideshow Item,Web Slideshow artikla
Website User,Web User
Wednesday,Srijeda
Welcome email sent,Poslao Dobrodošli e-mail
"When you Amend a document after Cancel and save it, it will get a new number that is a version of the old number.","Kada Izmijeniti dokument nakon Odustani i spasiti ga , on će dobiti novi broj koji jeverzija starog broja ."
Width,Širina
Will be used in url (usually first name).,Hoće li se koristi u URL-u (obično ime).
With Groups,s Groups
With Ledgers,s knjigama
With Letterhead,S zaglavljem
Workflow,Hodogram
Workflow Action,Workflow Akcija
Workflow Action Name,Workflow Akcija Ime
Workflow Document State,Workflow dokument Država
Workflow Document States,Workflow dokument Države
Workflow Name,Workflow ime
Workflow State,Workflow država
Workflow State Field,Workflow Državna polja
Workflow Transition,Tijek tranzicije
Workflow Transitions,Workflow Prijelazi
Workflow will start after saving.,Workflow će početi nakon štednje.
Write,Pisati
Write a Python file in the same folder where this is saved and return column and result.,Napišite Python datoteku u istu mapu gdje je spremljena i povratka stupcu i rezultat.
Write a SELECT query. Note result is not paged (all data is sent in one go).,Napišite SELECT upita. Napomena rezultat nije zvao (svi podaci se šalju u jednom potezu).
Write titles and introductions to your blog.,Napišite naslova i uvoda u svoj blog.
Writers Introduction,Pisci Uvod
Year,Godina
Yes,Da
Yesterday,Jučer
You are not allowed to create / edit reports,Nije Vam dopušteno da stvarate / uređujete ​​izvješća
You are not allowed to export the data of: {0}. Downloading empty template.,Nije Vam dopušteno izvoziti podatke od: {0}. Preuzimanje praznog predložka.
You are not allowed to export this report,Nije Vam dopušteno izvoziti ovo izvješće
You are not allowed to print this document,Nije Vam dopušteno ispisati ovaj dokument
You are not allowed to send emails related to this document,Ne smiju slati e-mailove u vezi s ovim dokumentom
"You can change Submitted documents by cancelling them and then, amending them.","Možete promijeniti Poslao dokumente tako da ih otkazuje , a zatim , njihovih izmjena i dopuna ."
You can use Customize Form to set levels on fields.,Možete koristiti Prilagodi obrazac za postavljanje razine na poljima .
You can use wildcard %,Možete koristiti zamjenski%
You cannot install this app,Vi ne možete instalirati ovu aplikaciju
You have unsaved changes in this form. Please save before you continue.,Vi niste spremili promjene u ovom obliku .
You need to be logged in and have System Manager Role to be able to access backups.,Morate biti prijavljeni i imati sustav Manager ulogu da bi mogli pristupiti sigurnosne kopije .
You need write permission to rename,Trebate pismeno dopuštenje za preimenovanje
You seem to have written your name instead of your email. \					Please enter a valid email address so that we can get back.,"Čini se da si napisao svoje ime, umjesto svoj e-mail. \ Molimo da unesete ispravnu e-mail adresu tako da se možemo vratiti."
"Your download is being built, this may take a few moments...","Vaš preuzimanje se gradi, to može potrajati nekoliko trenutaka ..."
[Label]:[Field Type]/[Options]:[Width],[Label]: [Field Type] / [Options]: [Širina]
[Optional] Send the email X days in advance of the specified date. 0 equals same day.,[Opcionalno] poslati e-X dana prije navedenog datuma. 0 jednaka isti dan.
add your own CSS (careful!),Dodaj svoj vlastiti CSS (pažljivo!)
adjust,Prilagodi
align-center,Poravnajte-centar
align-justify,Poravnajte-opravdati
align-left,Poravnajte-lijevo
align-right,Poravnati-desno
and,i
arrow-down,strelica prema dolje
arrow-left,strelica lijevo
arrow-right,Strelica desno
arrow-up,strelica prema gore
asterisk,zvjezdica
backward,Natrag
ban-circle,zabrana-krug
barcode,barkod
beginning with,počevši
bell,zvono
bold,odvažan
book,knjiga
bookmark,bookmark
briefcase,aktovka
bullhorn,bullhorn
calendar,kalendar
camera,kamera
certificate,certifikat
check,provjeriti
chevron-down,Chevron-dolje
chevron-left,Chevron-lijevo
chevron-right,Chevron-desno
chevron-up,Chevron-up
circle-arrow-down,krug sa strelicom prema dolje
circle-arrow-left,krug sa strelicom nalijevo
circle-arrow-right,krug sa strelicom desno
circle-arrow-up,krug sa strelicom prema gore
cog,vršak
comment,komentirati
comments,komentari
dd-mm-yyyy,dd-mm-yyyy
dd.mm.yyyy,dd.mm.gggg
dd/mm/yyyy,dd / mm / gggg
download,preuzimanje
download-alt,download-alt
edit,urediti
eject,izbaciti
envelope,omotnica
exclamation-sign,usklik-znak
eye-close,oka u blizini
eye-open,oku-otvaranje
facetime-video,FaceTime-video
fast-backward,brzo unatrag
fast-forward,brzo naprijed
file,file
film,film
filter,filtriranje
fire,vatra
flag,zastava
folder-close,mapa-blizu
folder-open,mapa otvoriti
font,krstionica
forward,naprijed
found,nađen
fullscreen,fullscreen
gift,dar
glass,staklo
globe,globus
hand-down,rukom prema dolje
hand-left,ruka-lijeva
hand-right,ruka-desna
hand-up,ruka-up
hdd,HDD
headphones,slušalice
heart,srce
home,dom
icon,ikona
inbox,inbox
indent-left,alineje-lijevo
indent-right,alineje-desno
info-sign,info-znak
is not allowed.,nije dopušteno.
italic,kurzivan
leaf,list
lft,LFT
list,popis
list-alt,popis-alt
lock,zaključati
lowercase,malim slovima
magnet,magnet
map-marker,Karta marker
memcached is not working / stopped. Please start memcached for best results.,Memcached ne radi / zaustavljen . Molimo početi Memcached za najbolje rezultate .
minus,minus
minus-sign,minus znak
mm-dd-yyyy,dd-mm-yyyy
mm/dd/yyyy,dd / mm / gggg
move,premjestiti
music,glazba
none of,nitko od
off,isključen
ok,u redu
ok-circle,ok-krug
ok-sign,ok-prijava
one of,jedan od
or,ili
pause,Pauza
pencil,olovka
picture,slika
plane,avion
play,igrati
play-circle,play-krug
plus,plus
plus-sign,plus-potpisati
print,tiskati
qrcode,qrcode
question-sign,pitanje-prijava
random,slučajan
refresh,osvježiti
remove,ukloniti
remove-circle,uklanjanje-krug
remove-sign,uklanjanje-potpisati
repeat,ponoviti
resize-full,resize-pun
resize-horizontal,resize-horizontalna
resize-small,resize-mala
resize-vertical,resize-vertikalna
retweet,retweet
rgt,ustaša
road,cesta
screenshot,slike
search,traženje
share,udio
share-alt,Udio-alt
shopping-cart,shopping-cart
signal,signal
star,zvijezda
star-empty,zvijezda-prazna
step-backward,korak unatrag
step-forward,korak naprijed
stop,zaustaviti
tag,privjesak
tags,oznake
"target = ""_blank""",target = &quot;_blank&quot;
tasks,zadaci
text-height,tekst-visina
text-width,tekst širine
th,og
th-large,og veliki
th-list,og-popis
thumbs-down,palac dolje
thumbs-up,palac gore
time,vrijeme
tint,nijansa
to,na
trash,smeće
upload,upload
use % as wildcard,koristiti% kao zamjenski
user,korisnik
user_image_show,user_image_show
values and dates,Vrijednosti i datumi
values separated by commas,Vrijednosti razdvojene zarezom
volume-down,glasnoće prema dolje
volume-off,volumen-off
volume-up,glasnoće prema gore
warning-sign,upozorenje-znak
wrench,ključ
yyyy-mm-dd,gggg-mm-dd
zoom-in,zoom-u
zoom-out,zoom-out
{0} List,{0} List
{0} added,{0} je dodao
{0} by {1},{0} {1}
{0} cannot be set for Single types,{0} se ne može postaviti za samohrane vrste
{0} does not exist in row {1},{0} ne postoji u nizu {1}
{0} in row {1} cannot have both URL and child items,{0} je u redu {1} Ne možete imati i URL i dijete stavke
{0} is not a valid email id,{0} nije ispravan id e-mail
{0} is required,{0} je potrebno
{0} is saved,{0} se sprema
{0} must be one of {1},{0} mora biti jedan od {1}
{0} must be set first,{0} mora biti postavljen prvi
{0} not a valid State,{0} nijevaljana država
{0} not allowed in fieldname {1},"{0} nije dopušteno podataka, Naziv Polja {1}"
{0} not allowed in name,{0} nije dozvoljeno u ime
{0} not allowed to be renamed,{0} ne smije biti preimenovan
{0} updated,{0} ažurirana
{0} {1} already exists,{0} {1} već postoji
"{0} {1} cannot be ""{2}"". It should be one of ""{3}""","{0} {1} Ne može biti ""{2}"". To bi trebao biti jedan od ""{3}"""
{0} {1} cannot be a leaf node as it has children,"{0} {1} Ne može bitičvor nultog stupnja , kao da ima djecu"
"{0} {1} does not exist, select a new target to merge","{0} {1} ne postoji , odaberite novu metu za spajanje"
{0} {1} not found,{0} {1} nije pronađena
{0} {1}: Submitted Record cannot be deleted.,{0} {1}: Postavio Snimanje ne može se izbrisati.
{0}: Cannot set Amend without Cancel,{0} : Ne mogu postaviti Izmijeniti bez Odustani
{0}: Cannot set Assign Amend if not Submittable,{0} : Ne mogu postaviti Zauzimanje Izmijeniti ako ne Submittable
{0}: Cannot set Assign Submit if not Submittable,{0} : Ne mogu postaviti Zauzimanje Podnijeti ako ne Submittable
{0}: Cannot set Cancel without Submit,{0} : Ne mogu postaviti Odustani bez Podnijeti
{0}: Cannot set Import without Create,{0} : Ne može se uvoz bez Stvoriti
"{0}: Cannot set Submit, Cancel, Amend without Write","{0} : Ne mogu postaviti Podnijeti , Odustani , Izmijeniti bez zapisivanja"
{0}: Cannot set import as {1} is not importable,{0} : Ne može se uvesti kao {1} nije za uvoz
"{0}: Create, Submit, Cancel and Amend only valid at level 0","{0} : Stvaranje , Slanje , Odustani i doraditi vrijedi samo na razini 0"
{0}: No basic permissions set,{0} : Ne Osnovni dozvole set
"{0}: Only one rule allowed with the same Role, Level and Apply User Permissions","{0} : Samo jedno pravilo dopušteno uz istu ulogu , razine i nanesite korisnička dopuštenja"
{0}: Permission at level 0 must be set before higher levels are set,{0} : Dopuštenje na razini 0 mora biti postavljen prije više razine postavili
{app_title},{ app_title }
