 by Role ,por función
 is not set,no se ha establecido
"""Company History""",""" Historia de la empresa """
"""Team Members"" or ""Management""",""" Miembros del equipo "" o "" gestión"""
'In List View' not allowed for type {0} in row {1},""" En Vista de lista ' no permitido para el tipo {0} en la fila {1}"
0 - Draft; 1 - Submitted; 2 - Cancelled,0 - Proyecto; 1 - Enviado; 2 - Cancelado
0 is highest,0 es más alto
"000 is black, fff is white","000 es negro , es blanco fff"
2 days ago,Hace 2 días
"<a href=""https://en.wikipedia.org/wiki/Transport_Layer_Security"" target=""_blank"">[?]</a>","<a href=""https://en.wikipedia.org/wiki/Transport_Layer_Security"" target=""_blank""> [ ?] < / a>"
"<a onclick=""msgprint('<ol>\<li><b>field:[fieldname]</b> - By Field\<li><b>naming_series:</b> - By Naming Series (field called naming_series must be present\<li><b>Prompt</b> - Prompt user for a name\<li><b>[series]</b> - Series by prefix (separated by a dot); for example PRE.#####\</ol>')"">Naming Options</a>","<A onclick = ""msgprint ('<ol> \ <li> <b> campo: [nombre de campo] </ b> - Al Campo \ <li> <b> naming_series: </ b > - Al nombrar la serie (campo llamado naming_series debe estar presente \ <li> <b> Prompt </ b> - Solicitar al usuario un nombre \ <li> <b> [serie] </ . b> - Series de prefijo (separados por un punto), por ejemplo PRE # # # # # \ </ ol> ') ""> Opciones de nomenclatura </ a>"
<b>new</b> <i>type of document</i>,<b> nueva </ b> <i> tipo de documento </ i>
"<i>document type...</i>, e.g. <b>customer</b>","Tipo de documento <i> ... </ i>, por ejemplo <b> cliente </ b>"
<i>e.g. <strong>(55 + 434) / 4</strong> or <strong>=Math.sin(Math.PI/2)</strong>...</i>,<i> ejemplo <strong> (55 + 434) / 4 </ strong> o = <strong> Math.sin (Mat.PI / 2) </ strong> ... </ i>
<i>module name...</i>,<i> nombre del módulo ... </ i>
<i>text</i> <b>in</b> <i>document type</i>,texto <i> </ i> <b> en </ b> <i> tipo de documento </ i>
A user can be permitted to multiple records of the same DocType.,Un usuario se puede permitir que varios registros de un mismo tipo de documento .
About,Acerca De
About Us Settings,Configuración de Acerca de Nosotros
About Us Team Member,Miembro del Equipo Acerca de Nosotros
Action,Acción
Actions,Acciones
"Actions for workflow (e.g. Approve, Cancel).","Acciones para el flujo de trabajo (por ejemplo, Aprobar, Cancelar)."
Add,Añadir
Add A New Rule,Añadir una Nueva Regla
Add A User Permission,Agregar un Permiso de Usuario
Add Attachments,Agregar Archivos Adjuntos
Add Bookmark,Añadir Marcador
Add CSS,Añadir CSS
Add Column,Añadir columna
Add Google Analytics ID: eg. UA-89XXX57-1. Please search help on Google Analytics for more information.,"Añadir Google Analytics ID : ej . UA- 89XXX57 - 1 . Por favor, busca ayuda sobre Google Analytics para obtener más información ."
Add Message,Añadir Mensaje
Add New Permission Rule,Añadir Nueva Regla de Permiso
Add Reply,Añadir Respuesta
Add Total Row,Añadir Fila Total
Add a New Role,Añadir un Nuevo Rol
Add a banner to the site. (small banners are usually good),Añadir un banner al sitio. (banners pequeños son mejores generalmente)
Add all roles,Agregar todos los roles
Add attachment,Agregar archivo adjunto
Add code as &lt;script&gt;,Añadir código como
Add custom javascript to forms.,Añadir javascript personalizado las formas .
Add fields to forms.,Agregar campos a los formularios.
Add multiple rows,Añadir Varias Filas
Add new row,Añadir Nueva Fila
"Add the name of <a href=""http://google.com/webfonts"" target=""_blank"">Google Web Font</a> e.g. ""Open Sans""","Agregue el nombre del <a href=""http://google.com/webfonts"" target=""_blank""> Google Web Font < / a> por ejemplo, ""Open Sans """
Add to To Do,Añadir a Tareas
Add to To Do List Of,Agregar a la lista de tareas pendientes
Added {0} ({1}),Añadido: {0} ({1})
Adding System Manager to this User as there must be atleast one System Manager,Añadiendo como Administrador del sistema a este usuario ya que debe haber al menos un Administrador de Sistema
Additional Info,Información Adicional
Additional Permissions,Permisos Adicionales
Address,Dirección
Address Line 1,Dirección Línea 1
Address Line 2,Dirección Línea 2
Address Title,Dirección Título
Address and other legal information you may want to put in the footer.,Dirección y otra información legal que desee poner en el pie de página.
Admin,Administración
All Applications,Todas las Aplicaciones
All Day,Todo el Día
All customizations will be removed. Please confirm.,Se eliminarán todas las personalizaciones. Por favor confirmar.
"All possible Workflow States and roles of the workflow. <br>Docstatus Options: 0 is""Saved"", 1 is ""Submitted"" and 2 is ""Cancelled""","Todos los posibles estados de flujo de trabajo y las funciones de flujo de trabajo. <br> Opciones DocStatus : 0 es ""salvado "" , 1 es "" Enviado "" y 2 está "" Cancelado """
Allow Attach,Permitir Adjuntar
Allow Import,Permitir la Importación
Allow Import via Data Import Tool,Permitir la importación a través de Herramientas de Importación de Datos
Allow Rename,Permitir Renombrar
Allow on Submit,Permitir en Enviar
Allow user to login only after this hour (0-24),Permitir que el usuario ingrese sólo después de esta hora ( 0-24)
Allow user to login only before this hour (0-24),Permitir que el usuario ingrese sólo antes de esta hora ( 0-24)
Allowed,Permitido
"Allowing DocType, DocType. Be careful!","Permitir DocType , tipo de documento . ¡Ten cuidado!"
Already Registered,Ya está registrado
Already in user's To Do list,Ya en la Lista por Hacer del Usuario
Alternative download link,Enlace de descarga alternativo
"Alternatively, you can also specify 'auto_email_id' in site_config.json","Como alternativa, también se puede especificar ' auto_email_id ' en site_config.json"
Always use above Login Id as sender,Utilice siempre ID de Inicio de Sesión de arriba como remitente
Amend,Corregir
"An icon file with .ico extension. Should be 16 x 16 px. Generated using a favicon generator. [<a href=""http://favicon-generator.org/"" target=""_blank"">favicon-generator.org</a>]","Un archivo de icono con . Ico . En caso de ser de 16 x 16 píxeles . Generado usando un generador de favicon . [ <a href=""http://favicon-generator.org/"" target=""_blank""> favicon - generator.org < / a >]"
"Another {0} with name {1} exists, select another name","Otra {0} con el nombre {1} existe, seleccione otro nombre"
Any existing permission will be deleted / overwritten.,Cualquier permiso existente se eliminará / reemplazara.
Anyone Can Read,Cualquiera puede leer
Anyone Can Write,Cualquiera puede escribir
"Apart from Role based Permission Rules, you can apply User Permissions based on DocTypes.","Además de reglas de permisos basado en roles , puede aplicar permisos de usuario basado en DocTypes ."
"Apart from System Manager, roles with 'Set User Permissions' right can set permissions for other users for that Document Type.","Además del Administrador del Sistema, Roles con permiso a ""Definir Permisos de Usuario"" pueden establecer permisos para otros usuarios de ese tipo de documento."
App Name,Nombre de la Aplicación
App not found,Aplicación no ​​encontrada
Application Installer,Instalador de Aplicaciones
Applications,Aplicaciones
Apply Style,Aplicar Estilo
Apply User Permissions,Aplicar permisos de usuario
Are you sure you want to delete the attachment?,¿Está seguro que desea eliminar el adjunto?
Arial,Arial
"As a best practice, do not assign the same set of permission rule to different Roles. Instead, set multiple Roles to the same User.","Como práctica recomendada , no asigne el mismo conjunto de permisos para diferentes funciones. En su lugar, establecer varias funciones al mismo usuario ."
Ascending,Ascendente
Assign To,Asignar a
Assigned By,Asignado por
Assigned To,Asignado a
Assigned To Fullname,Asignado a Nombre Completo
Assigned To/Owner,Asignado a / Propietario
Assignment Added,Asignación agregada.
Assignment Status Changed,Estado de Asignación Cambió
Assignments,Asignaciones
Attach,Adjuntar
Attach Document Print,Adjuntar Documento para Imprimir
Attach as web link,Adjuntar como enlace web
Attached To DocType,Asociado A DocType
Attached To Name,Asociado A Nombre
Attachments,Adjuntos
Auto Email Id,Auto Identificación del Correo
Auto Name,Nombre Automático
Auto generated,Generada Automaticamente
Avatar,Avatar
Back to Login,Volver a Inicio de Sesión
Background Color,Color de Fondo
Background Image,Imagen de Fondo
Background Style,Estilo de Fondo
Banner,Anuncio
Banner HTML,Banner HTML
Banner Image,Imagen del Anuncio
Banner is above the Top Menu Bar.,Banner está por encima de la barra de menú superior .
Begin this page with a slideshow of images,Comience esta página con una presentación de imágenes
Beginning with,A partir de
Belongs to,Pertenece A
Bio,Bio
Birth Date,Fecha de Nacimiento
Blog Category,Blog Categoría
Blog Intro,Intro. del Blog
Blog Introduction,Introducción del Blog
Blog Post,Entrada en el Blog
Blog Settings,Configuración del Blog
Blog Title,Título del Blog
Blogger,Blogger
Bookmarks,Marcadores
Both login and password required,Se requiere tanto usuario como contraseña 
Brand HTML,Marca HTML
Bulk Email,"Correo Masivo
"
Bulk email limit {0} crossed,Límite de correo electrónico masivo {0} sobrepasado 
Button,Botón
By,por
Calculate,Calcular
Calendar,Calendario
Cancel,Cancelar
Cancelled,Cancelado
"Cannot Edit {0} directly: To edit {0} properties, create / update {1}, {2} and {3}","No se puede modificar {0} directamente : Para editar {0} propiedades , crear / actualizar {1}, {2} y {3}"
Cannot Update: Incorrect / Expired Link.,No se puede actualizar : Link incorrecto / caducado .
Cannot Update: Incorrect Password,No se puede actualizar : Contraseña Incorrecta
Cannot add more than 50 comments,No se puede añadir más de 50 comentarios
Cannot cancel before submitting. See Transition {0},No se puede cancelar antes de enviar .
Cannot change picture,No se puede cambiar la imagen
Cannot change state of Cancelled Document. Transition row {0},No se puede cambiar el estado de Documento Cancelado .
Cannot change {0},No se puede cambiar {0}
Cannot delete or cancel because {0} {1} is linked with {2} {3},No se puede eliminar o cancelar porque {0} {1} está vinculado con {2} {3}
Cannot delete {0} as it has child nodes,"No se puede eliminar {0} , ya que tiene nodos secundarios"
Cannot edit standard fields,No se puede editar campos estándar
Cannot map because following condition fails: ,No se puede asignar porque la condición siguiente falla:
Cannot open instance when its {0} is open,No se puede abrir instancia cuando su {0} esta abierto/a
Cannot open {0} when its instance is open,No se puede abrir {0} cuando su instancia está abierto/a
Cannot print cancelled documents,No se pueden imprimir documentos cancelados
Cannot remove permission for DocType: {0} and Name: {1},No se puede quitar el permiso para tipo de documento : {0} y nombre: {1}
Cannot reply to a reply,No se puede responder a una respuesta
Cannot set Email Alert on Document Type {0},No se puede establecer una alerta de correo electrónico en Tipo de Documento {0}
Cannot set permission for DocType: {0} and Name: {1},No se puede establecer el permiso de Tipo de Documento : {0} y nombre: {1}
Categorize blog posts.,Clasificar las entradas del blog.
Category,Categoría
Category Name,Nombre Categoría
Center,Centro
"Certain documents, like an Invoice, should not be changed once final. The final state for such documents is called Submitted. You can restrict which roles can Submit.","Algunos documentos , como una Factura , no se deben cambiar una vez finalizados. El estado final de dichos documentos se llama Presentado . Puede restringir qué roles pueden Presentar Documentos"
"Change field properties (hide, readonly, permission etc.)","Cambiar las propiedades de campo (ocultar , de sólo lectura , permisos , etc )"
Chat,Chat
Check,Marcar
Check / Uncheck roles assigned to the User. Click on the Role to find out what permissions that Role has.,Marcar / Desmarcar roles asignados al usuario . Haga clic sobre el Rol para averiguar los permisos que ese Rol posee.
Check this if you want to send emails as this id only (in case of restriction by your email provider).,Seleccione esta opción si desea enviar mensajes de correo electrónico como este id único (en caso de restricción de su proveedor de correo electrónico).
Check this to make this the default letter head in all prints,Active esta opción para hacer que esta cabeza de la letra por defecto en todas las impresiones
Check which Documents are readable by a User,Marque que documentos pueden ser leídos por un usuario
Checked items shown on desktop,Los elementos seleccionados se muestran en el escritorio
Child Tables are shown as a Grid in other DocTypes.,Tablas secundarias se muestran como una cuadrícula en otras de DocTypes .
City,Ciudad
Classic,Clásico
Clear Cache,Borrar la caché
Clear all roles,Desactive todos los roles
Click on a link to get options,Haga clic en un enlace para obtener opciones
Click on row to view / edit.,Haga clic en la fila para ver / editar .
Client,Cliente
Client-side formats are now deprecated,Formatos en el cliente se consideran obsoletas
Close,Cerrar
Close: {0},Cerrar: {0}
Closed,Cerrado
Code,Código
Collapse,Colapsar
Column Break,Salto de columna
Comment,Comentario
Comment By,Comentado por
Comment By Fullname,Comentado Por Nombre completo
Comment Date,"Fecha de Comentario
"
Comment Docname,Docname del Comentario
Comment Doctype,Doctype Comentario
Comment Time,Tiempo Comentario
Comments,Comentarios
Communication,Comunicación
Communication Medium,Medio de Comunicación
Company History,Historia de la empresa
Company Introduction,Presentación de la Empresa
Complaint,Queja
Complete By,Completado Por
Condition,Condición
Contact Us Settings,Contáctenos Configuración
"Contact options, like ""Sales Query, Support Query"" etc each on a new line or separated by commas.","Opciones de contacto , como "" Ventas de consultas , Soporte de consultas"" , etc cada uno en una nueva línea o separados por comas."
Content,Contenido
Content Hash,Hash contenido
Content in markdown format that appears on the main side of your page,El contenido en formato Markdown que aparece en la parte principal de su página
Content web page.,Contenido de la página web.
Controller,controlador
Copy,Copia
Copyright,Derechos de Autor
Core,Núcleo
Could not connect to outgoing email server,No se pudo conectar con el servidor de correo electrónico saliente
Could not find {0},No se pudo encontrar {0}
Count,Contar
Country,País
Create,Crear
Create a new {0},Crear un nuevo {0}
Created Custom Field {0} in {1},Creado campo personalizado {0} en {1}
Created Customer Issue,Creado Issue Cliente
Created Opportunity,Creado Oportunidad
Created Support Ticket,Ticket Creado
Creation / Modified By,Creación / modificación realizada por
Currency,Divisa
Current status,Situación Actual
Custom CSS,CSS personalizado
Custom Field,Campo Personalizado
Custom Javascript,Javascript Personalizado
Custom Reports,Informes personalizados
Custom Script,secuencia de personalización
Custom?,Personalizado?
Customize,Personalizar
Customize Form,Personalizar Formulario
Customize Form Field,Personalizar Campos de Formulario
"Customize Label, Print Hide, Default etc.","Personaliza etiquetas, impresión Hide , Default , etc"
Customized HTML Templates for printing transctions.,Plantillas HTML personalizados para imprimir transacciones.
Daily Event Digest is sent for Calendar Events where reminders are set.,Resumen Diario de Eventos se envía para Eventos en el Calendario donde se configura recordatorios.
Danger,Peligro
Data,Datos
Data Import / Export Tool,Herramienta de importación / exportación de datos
Data Import Tool,Herramienta de importación de datos
Data missing in table,Los datos que faltan en la tabla
Date,Fecha
Date Change,Cambio de fecha
Date Changed,Fecha Modificado
Date Format,Formato de la fecha
Date and Number Format,Formato de Fecha y Número
Date must be in format: {0},La fecha debe estar en formato : {0}
Datetime,Fecha y Hora
Days in Advance,Días de anticipación
Dear,Estimado
Default,defecto
Default Print Format,Por defecto Formato de impresión
Default Value,Valor predeterminado
Default is system timezone,Por defecto es el sistema de zona horaria
"Default: ""Contact Us""","Por defecto: ""Contáctenos"""
DefaultValue,Valor Predeterminado
Defaults,Predeterminados
"Define read, write, admin permissions for a Website Page.","Definir leer , escribir, permisos de administrador para un sitio Web Page ."
Define workflows for forms.,Definir los flujos de trabajo para las formas .
Delete,Eliminar
Delete Row,Eliminar Fila
Depends On,Depende de
Descending,descendiente
Description,Descripción
Description and Status,Descripción y Estado
"Description for listing page, in plain text, only a couple of lines. (max 140 characters)","Descripción de la página perfil, en texto plano, sólo un par de líneas. (máx. 140 caracteres)"
Description for page header.,Descripción de encabezado de la página .
Desktop,Escritorio
Details,Detalles
Did not add,No se ha añadido
Did not cancel,No canceló
Did not find {0} for {0} ({1}),¿No ha encontrado {0} para {0} ({1} )
Did not load,No cargar
Did not remove,No retire
Did not save,No guarde
"Different ""States"" this document can exist in. Like ""Open"", ""Pending Approval"" etc.","Diferente ""Estados"" este documento puede existir pulg Al igual que en ""Abrir "", "" Pendiente de aprobación "", etc"
Disable Customer Signup link in Login page,Desactivar enlace de registro del cliente en la página de entrada
Disable Signup,Deshabilitar registro
Disabled,Deshabilitado
Display,Visualización
Display Settings,Configuración de pantalla
Display in the sidebar of this Website Route node,Visualización en la barra lateral de este nodo Route Sitio web
Do not allow user to change after set the first time,No permita que el usuario pueda cambiar después de establecer la primera vez
Doc Status,Estado Doc.
DocField,DocField
DocPerm,DocPerm
DocType,DocType
DocType Details,DocType Detalles
DocType can not be merged,DocType no se puede fusionar
DocType on which this Workflow is applicable.,DocType en que el presente del flujo de trabajo es aplicable.
DocType or Field,DocType o campo
Doclist JSON,DocList JSON
Docname,docName
Document,Documento
Document Status transition from ,Documento de transición de estado de
Document Status transition from {0} to {1} is not allowed,Cambio de estado de documento de {0} a {1} no está permitido
Document Type,Tipo de Documento
Document is only editable by users of role,Documento es sólo editable por los usuarios de papel
Documentation,Documentación
Documents,Documentos
Download,Descargar
Download Backup,Descargar Copia de Seguridad
Download link for your backup will be emailed on the following email address:,Enlace de descarga de la copia de seguridad será enviado por correo electrónico en la siguiente dirección electrónica :
Drafts,Borradores
Drag to sort columns,Arrastre para ordenar las columnas
Due Date,Fecha de vencimiento
Duplicate name {0} {1},Nombre duplicado {0} {1}
Dynamic Link,Enlace Dinámico
ERPNext Demo,ERPNext demo
Edit,Editar
Edit Permissions,Editar permisos
Editable,Editable
Email,Correo Electronico
Email Alert,Alerta por Email
Email Alert Recipient,Destinatario Alerta Email
Email Alert Recipients,Destinatarios Alerta Email
Email By Document Field,Email Por Campo Documento
Email Footer,Pie Email
Email Host,Hospedaje Email
Email Id,Identificación del email
Email Login,Email Login
Email Password,Contraseña Email
Email Sent,Correo electrónico enviado
Email Settings,Configuración del correo electrónico
Email Signature,Firma Email
Email Use SSL,Usar SSL en Email
Email address,Dirección de correo electrónico
"Email addresses, separted by commas","Direcciones de correo electrónico , separted por comas"
Email not verified with {1},Email no verificado con {1}
Email sent to {0},Correo electrónico enviado a {0}
Email...,Email ...
Emails are muted,Los correos electrónicos se silencian
Embed image slideshows in website pages.,Presentacion de imágenes incrustadas en páginas web .
Enable,Habilitar
Enable Comments,Habilitar Comentarios
Enable Scheduled Jobs,Habilitar tareas programadas
Enabled,Habilitado
Ends on,Finaliza el
Enter Form Type,Introduzca Tipo de formulario
Enter Value,Introducir valor
Enter at least one permission row,Introduzca al menos una fila permiso
"Enter default value fields (keys) and values. If you add multiple values for a field, the first one will be picked. These defaults are also used to set ""match"" permission rules. To see list of fields, go to <a href=""#Form/Customize Form/Customize Form"">Customize Form</a>.","Introduzca los campos de valores por defecto (claves) y valores. Si agrega varios valores para un campo, el primero de ellos será elegido . Estos valores por omisión también se utilizan para establecer "" match"" reglas de permisos . Para ver la lista de campos , vaya a <a href=""#Form/Customize Form/Customize Form""> Personalizar formulario < / a> ."
"Enter keys to enable login via Facebook, Google, GitHub.","Introduzca las claves para habilitar login a través de Facebook, Google , GitHub ."
Equals,Iguales
Error,Error
"Error generating PDF, attachment sent as HTML","Error de generación de PDF, adjuntos enviados como HTML"
Error: Document has been modified after you have opened it,Error : El documento se ha modificado después de que lo hayas abierto
Event,Evento
Event Datetime,Evento de fecha y hora
Event Individuals,Los individuos de eventos
Event Role,Papel Evento
Event Roles,Clases de eventos
Event Type,Tipo de evento
Event User,Evento usuario
Event end must be after start,Finalización del evento debe ser posterior al inicio
Events,Eventos
Events In Today's Calendar,Eventos en el Calendario de Hoy
Every Day,Todos los Días
Every Month,Cada Mes
Every Week,Cada Semana
Every Year,Cada Año
Everyone,Todos
Example:,Ejemplo :
Expand,expandir
Export,exportación
Export not allowed. You need {0} role to export.,Exportaciones no permitido. Es necesario {0} función de exportar .
Exported,exportado
"Expression, Optional","Expresión, opcional"
Facebook,Facebook
Facebook Client ID,Facebook Client ID
Facebook Client Secret,Facebook Client Secret
Facebook Share,Compartir en Facebook 
Facebook User ID,ID de usuario de Facebook
Facebook Username,Facebook Nombre de usuario
FavIcon,FavIcon
Female,Femenino
Field Description,Descripción del Campo
Field Name,Nombre del campo
Field Type,Tipo de campo
"Field that represents the Workflow State of the transaction (if field is not present, a new hidden Custom Field will be created)","Campo que representa al Estado de flujo de trabajo de la transacción ( si el campo no está presente, un nuevo campo personalizado oculto se creará )"
Field {0} in row {1} cannot be hidden and mandatory without default,El campo {0} en la fila {1} no puede ocultarse y obligatoria sin defecto
Field {0} is not selectable.,El campo {0} no se puede seleccionar .
Field {0} of type {1} cannot be mandatory,El campo {0} de tipo {1} no puede ser obligatorio
Fieldname,Fieldname
Fieldname is required in row {0},Fieldname se requiere en la fila {0}
Fieldname not set for Custom Field,Fieldname se pone durante Campo Personalizado
Fieldname which will be the DocType for this link field.,Fieldname que será el tipo de documento para este campo de enlace.
Fieldname {0} appears multiple times in rows {1},Fieldname {0} aparece varias veces en filas {1}
"Fieldname {0} cannot contain letters, numbers or spaces","Fieldname {0} no puede contener letras , números o espacios"
Fields,Los campos
"Fields separated by comma (,) will be included in the<br /><b>Search By</b> list of Search dialog box","Los campos separados por comas (,) se incluirán en el /> <br <b> Buscar por < / b > lista de cuadro de diálogo Buscar"
Fieldtype cannot be changed from {0} to {1} in row {2},FieldType no se puede cambiar de {0} a {1} en la fila {2}
File,Fichero
File Data,archivo de datos
File Name,Nombre del Archivo
File Size,Tamaño del archivo
File URL,URL del archivo
File not attached,Archivo no conectado
File size exceeded the maximum allowed size of {0} MB,El tamaño del archivo supera el tamaño máximo permitido de {0} MB
Fill Screen,Rellenar pantalla
Filter,Filtro
Filter records based on User Permissions defined for a user,Filtrar los registros basados ​​en permisos de usuario definidos para un usuario
Filters,Filtros
Find {0} in {1},Encontrar {0} en {1}
First Name,Nombre
Float,flotador
Float Precision,flotador de precisión
Font (Heading),Fuente ( Escabezado )
Font (Text),Fuente ( Texto)
Font Size,Tamaño de la Fuente
Font Size (Text),Tamaño de fuente ( Texto)
Fonts,Fuentes
Footer,Pie de Página
Footer Background,Fondo de Pie de Página
Footer Items,Elementos del Pie de Página
Footer Text,Texto del Pie de Página
For DocType,Por tipo de documento
"For Links, enter the DocType as rangeFor Select, enter list of Options separated by comma","Para Links, introduzca el tipo de documento como rango  Para Select, entrar en la lista de opciones separadas por comas"
"For comparative filters, start with","Para los filtros comparativas , comience con"
For example if you cancel and amend 'INV004' it will become a new document 'INV004-1'. This helps you to keep track of each amendment.,Por ejemplo si se cancela y enmendar ' INV004 ' se convertirá en un nuevo documento ' INV004 - 1 ' . Esto le ayuda a mantener un registro de cada enmienda.
For ranges,Para rangos
For top bar,Para la barra superior
For {0} at level {1} in {2} in row {3},Para {0} en el nivel {1} {2} en la fila {3}
Forgot Password,Olvidé mi contraseña
Forgot Password?,¿Olvidó su clave ?
Form,Forma
Forum,Foro
Forums,Foros
Forward To Email Address,Reenviar a la dirección de correo electrónico
Frappe Framework,Marco Frappe
Friday,Viernes
From Date must be before To Date,Desde la fecha debe ser antes de la fecha
Full Name,Nombre Completo
Gantt Chart,Diagrama de Gantt
Gender,Género
Generator,Generador
Georgia,Georgia
Get,Conseguir
Get From ,Obtener de
"Get your globally recognized avatar from <a href=""https://gravatar.com/"">Gravatar.com</a>","Obtenga su avatar global de <a href=""https://gravatar.com/""> Gravatar.com </ a>"
GitHub,GitHub
GitHub Client ID,GitHub Client ID
GitHub Client Secret,GitHub Client Secret
Github User ID,Github ID de usuario
Github Username,github Nombre de usuario
Google,Google
Google Analytics ID,Google Analytics ID
Google Client ID,Google Client ID
Google Client Secret,Google Client Secret
Google Plus One,Google Plus One
Google User ID,Google User ID
Google Web Font (Heading),Google Web Font (partida )
Google Web Font (Text),Google Web Font (Texto )
Greater or equals,Mayor o igual que
Greater than,Mayor a
"Group Added, refreshing...","Grupo Agregado , refrescante ..."
Group Description,Descripción del Grupo
Group Name,Nombre del Grupo
Group Title,Título del Grupo
Group Type,Tipo de grupo
Groups,Grupos
HTML for header section. Optional,HTML para la sección de encabezado. opcional
Have an account? Login,¿Tienes una cuenta? Inicie Sesión
Header,Encabezado
Heading,Título
Heading Text As,Texto de Encabezado Como
Help,Ayuda
Help on Search,Ayuda en la búsqueda
Helvetica Neue,Helvetica Neue
Hidden,Oculto
Hide Actions,Ocultar Acciones
Hide Copy,Copia Ocultar
Hide Heading,Ocultar Rubro
Hide Toolbar,Ocultar barra de herramientas
Hide the sidebar,Ocultar la barra lateral
High,Alto
Highlight,punto culminante
History,Historia
Home Page,Página de Inicio
Home Page is Products,Pagína de Inicio es Productos
ID (name) of the entity whose property is to be set,Identificación ( nombre) de la entidad cuya propiedad va a establecerse
Icon,Icono
Icon will appear on the button,Icono aparecerá en el botón
"If a Role does not have access at Level 0, then higher levels are meaningless.","Si una función no tiene acceso en el Nivel 0, entonces los niveles más altos no tienen sentido ."
"If checked, all other workflows become inactive.","Si se selecciona, todos los otros flujos de trabajo se vuelven inactivos ."
"If checked, the Home page will be the default Item Group for the website.","Si se selecciona, la página de inicio será el grupo de elementos predeterminado para el sitio web."
"If image is selected, color will be ignored (attach first)","Si se selecciona la imagen , se tendrá en cuenta el color (adjunte primero )"
If non standard port (e.g. 587),Si el puerto no estándar (por ejemplo 587 )
"If these instructions where not helpful, please add in your suggestions on GitHub Issues.","Si estas instrucciones cuando no es útil, por favor, añadir sus sugerencias sobre cuestiones de GitHub ."
"If you set this, this Item will come in a drop-down under the selected parent.","Si establece este , este artículo entrará en un menú desplegable bajo la matriz seleccionada."
Ignore User Permissions,No haga caso de los permisos de usuario
"Ignoring Item {0}, because a group exists with the same name!","Haciendo caso omiso del artículo {0} , ya existe un grupo con el mismo nombre !"
Image,imagen
Image Link,Enlace a la imagen
Import,importación
Import / Export Data,Importar / Exportar Datos
Import / Export Data from .csv files.,Importar / Exportar Datos desde archivos .csv
In,en
In Dialog,En diálogo
In Filter,En Filtro
In List View,En Vista de lista
In Report Filter,En Filtro de informe
In points. Default is 9.,En puntos. El valor predeterminado es 9.
In response to,En respuesta a
Incorrect value in row {0}: {1} must be {2} {3},Valor incorrecto en la fila {0}: {1} debe ser {2} {3}
Incorrect value: {0} must be {1} {2},Valor incorrecto: {0} debe ser {1} {2}
Index,Índice
Individuals,individuos
Info,Información
Insert After,insertar Después
"Insert After field '{0}' mentioned in Custom Field '{1}', does not exist","Inserte Después campo '{0}' se ha mencionado en el Campo Personalizado ' {1}' , no existe"
Insert Below,Insertar Abajo
Insert Code,Insertar Código
Insert Row,Insertar Fila
Insert Style,Inserte Estilo
Install Applications.,Instalación de Aplicaciones
Installed,Instalado
Installer,Instalador
Int,Int
Integrations,Integraciones
Introduce your company to the website visitor.,Dar a conocer su empresa al visitante del sitio Web .
Introduction,Introducción
Introductory information for the Contact Us Page,Información preliminar de la página de contacto
Invalid Email: {0},Email no válido : {0}
Invalid Filter: {0},Filtro no válido: {0}
Invalid Home Page,Error de página Inicio
Invalid Login,Inicio de sesión inválido
Invalid Outgoing Mail Server or Port,Inválido Servidor de correo saliente o el puerto
Invalid login or password,Inicio de sesión o contraseña no válidos
Invalid recipient address,Dirección de destinatario no válido
Inverse,inverso
Is Active,Está Activo
Is Child Table,Es Tabla secundaria
Is Default,Es por defecto
Is Event,Es Evento
Is Mandatory Field,Es Campo Obligatorio
Is Single,Es Individual
Is Standard,Es Estándar
Is Submittable,Es submittable
Is Task,Es Tarea
Item cannot be added to its own descendents,El artículo no se puede añadir a sus propios descendientes
JavaScript Format: frappe.query_reports['REPORTNAME'] = {},JavaScript Formato: frappe.query_reports [' REPORTNAME '] = { }
Javascript,Javascript
Javascript to append to the head section of the page.,Javascript para anexar a la sección de encabezado de la página .
Key,Clave
Label,Etiqueta
Label Help,Etiqueta Ayuda
Label and Type,Etiqueta y Tipo
Label is mandatory,Etiqueta es obligatoria
Landing Page,la página de destino
Language,Idioma
Language preference for user interface (only if available).,Preferencia de idioma para la interfaz de usuario (sólo si está disponible) .
"Language, Date and Time settings","Ajustes de Idioma, Fecha y Hora"
Last IP,Última IP
Last Login,Último ingreso
Last Name,Apellido
Last updated by,Última actualización por
Lastmod,Lastmod
Lato,Lato
Leave blank to repeat always,Dejar en blanco para repetir siempre
Left,Izquierda
Less or equals,Menor o Igual
Less than,Menos que
Letter,Carta
Letter Head,Membrete
Letter Head Name,Nombre Membrete
Letter Head in HTML,Membrete en HTML
Level,Nivel
"Level 0 is for document level permissions, higher levels for field level permissions.","El nivel 0 es para los permisos de nivel de documento , los niveles más altos para los permisos de nivel de campo ."
Like,Como
Link,Vinculo 
"Link that is the website home page. Standard Links (index, login, products, blog, about, contact)","Enlace es la página de inicio del sitio web . Links estándar (índice, inicio de sesión, productos , blog, sobre , contacto)"
Link to other pages in the side bar and next section,Enlace a otras páginas en la barra lateral y sección siguiente
Link to the page you want to open,Enlace a la página que desea abrir
Linked In Share,Compartir en LinkedIn 
Linked With,Vinculado Con
List,Lista
List a document type,Incluya un tipo de documento
List of Web Site Forum's Posts.,Lista de Mensajes de Web Foro Sitio.
Loading,Cargando
Loading Report,Cargando Reportar
Loading...,Cargando ...
Localization,Localización
Location,Ubicación
Log of error on automated events (scheduler).,Log de ​​error en eventos automáticos ( planificador ) .
Login,Iniciar Sesión
Login After,Acceda Después
Login Before,Identificación Antes
Login Id,Nombre de usuario ID
Login not allowed at this time,Login no permitida en este momento
Logout,Salir
Long Text,Texto largo
Low,Bajo
Lucida Grande,Lucida Grande
Mail Password,mail Contraseña
Main Section,Sección Principal
Make a new,Hacer una nueva
Make a new record,Hacer un nuevo registro
Male,Masculino
Manage cloud backups on Dropbox,Administrar copias de seguridad de nubes en Dropbox
Manage uploaded files.,Administrar los archivos subidos.
Mandatory,obligatorio
Mandatory fields required in {0},Campos obligatorios requeridos en {0}
Mandatory filters required:\n,Filtros obligatorios exigidos: \ n
Master,Maestro
Max Attachments,Máximo de Adjuntos
Max width for type Currency is 100px in row {0},Anchura máxima para el tipo de moneda es 100px en la fila {0}
"Meaning of Submit, Cancel, Amend","Significado de Enviar, cancelación, rectificación"
Medium,Medio
"Menu items in the Top Bar. For setting the color of the Top Bar, go to <a href=""#Form/Style Settings"">Style Settings</a>","Los elementos de menú en la barra superior. Para ajustar el color de la barra de Inicio , vaya a <a href=""#Form/Style Settings""> Ajustes Style < / a>"
Merging is only possible between Group-to-Group or Leaf Node-to-Leaf Node,La fusión sólo es posible entre el Grupo - a - grupo o la hoja de nodo - a - nodo de la hoja
Message,Mensaje
Message Examples,Ejemplos de Mensajes
Messages,Mensajes
Method,Método
Middle Name (Optional),Segundo Nombre ( Opcional)
Misc,Varios
Miscellaneous,Varios
Missing Values Required,Valores perdidos requeridos
Modern,Moderno
Modified by,Modificado por
Module,Módulo
Module Def,Módulo Def
Module Name,Nombre del módulo
Module Not Found,Módulo no encontrado
Modules Setup,Módulos de configuración
Monday,Lunes
More,Más
More content for the bottom of the page.,Más contenido de la parte inferior de la página.
Move Down: {0},Bajar : {0}
Move Up: {0},Move Up : {0}
Multiple root nodes not allowed.,Nodos raíz múltiples no permitidos.
Must have report permission to access this report.,Debe tener informe de permiso para acceder a este informe.
Must specify a Query to run,Debe especificar una consulta para ejecutar
My Settings,Mi Configuración
Name,Nombre
Name Case,Nombre del Caso
Name and Description,Nombre y descripción
Name is required,El nombre es necesario
Name not permitted,Nombre no permitido
Name not set via Prompt,Nombre que no se establece a través del símbolo
Name of the Document Type (DocType) you want this field to be linked to. e.g. Customer,Nombre del tipo de documento (tipo de documento) que desea que este campo sea vinculado. por ejemplo al Cliente
Name of {0} cannot be {1},Nombre de {0} no puede ser {1}
Naming,Nombrando
Naming Series mandatory,Nombrar Series obligatoria
Nested set error. Please contact the Administrator.,"Error conjunto anidado . Por favor, póngase en contacto con el Administrador."
New,Nuevo
New Password,Nueva contraseña
New Record,Nuevo Registro
New comment on {0} {1},Nuevo comentario en {0} {1}
New password emailed,Enviado por correo electrónico Nueva contraseña
New value to be set,Nuevo valor a establecer
New {0},Nueva {0}
Next Communcation On,Siguiente Communcation On
Next Record,próximo registro
Next State,Siguiente Estado
Next actions,próximas acciones
No,Ningún
No Action,Ninguna acción
No Communication tagged with this ,No hay comunicación etiquetado con este
No Copy,No Copy
No Permissions set for this criteria.,No hay permisos establecidos para este criterio.
No Report Loaded. Please use query-report/[Report Name] to run a report.,No informe Cargado . Utilice consulta de informe / [ Nombre del informe ] para ejecutar un informe .
No Results,No hay resultados
No Sidebar,No Sidebar
No User Permissions found.,No se han encontrado los permisos de usuario .
No data found,No se han encontrado datos
No file attached,Ningún archivo adjunto
No further records,No hay registros adicionales
No one,nadie
No permission to '{0}' {1},No tiene permiso para '{0} ' {1}
No permission to edit,No tiene permiso para editar
No permission to write / remove.,No tiene permiso para escribir / quitar .
No records tagged.,No hay registros etiquetados .
No template found at path: {0},No se han encontrado en el camino de la plantilla: {0}
No {0} permission,No {0} permiso
None,ninguno
None: End of Workflow,Ninguno: Fin del Flujo de Trabajo
Not Found,No se ha encontrado
Not Linked to any record.,No vinculada a ningún registro.
Not Permitted,No Permitido
Not Submitted,No Enviado
Not a user yet? Sign up,Aún no eres usuario ? contratar
Not a valid Comma Separated Value (CSV File),No es un valores separados por comas válido ( archivo CSV)
Not allowed,No se permite
Not allowed from this IP Address,No se permite desde esta dirección IP
Not allowed to Import,No se les permite importar
Not allowed to access {0} with {1} = {2},No se permite el acceso {0} por {1} = {2}
Not allowed to change {0} after submission,No se permite cambiar {0} después de la presentación
Not allowed to move,No se les permite moverse
Not allowed to reset the password of {0},No se permite restablecer la contraseña de {0}
Not enough permission to see links.,No hay suficiente permiso para ver enlaces.
Not equals,no es igual
Not found,No se ha encontrado
Not in Developer Mode! Set in site_config.json,No en el modo de desarrollador ! Situado en site_config.json
Not permitted,No se permite
"Note: For best results, images must be of the same size and width must be greater than height.","Nota: Para obtener los mejores resultados , las imágenes deben ser del mismo tamaño y el ancho debe ser mayor que la altura."
Note: Other permission rules may also apply,Nota: también se pueden aplicar otras reglas de permisos
Note: maximum attachment size = 1mb,Nota: el tamaño máximo de archivo adjunto = 1mb
Nothing to show,Nada para mostrar
Nothing to show for this selection,No hay nada que mostrar para esta selección
Notification Count,Conde Notificación
Notify by Email,Notificarme por e-Mail
Number Format,Formato de número
Old Parent,Antiguo Padres
On,Encendido
"Once you have set this, the users will only be able access documents (eg. Blog Post) where the link exists (eg. Blogger).","Una vez que haya establecido esto, los usuarios sólo tendrán acceso a los documentos que puedan (por ejemplo, Entrada de blog ) donde se encuentra la relación (por ejemplo, Blogger ) ."
Only Administrator allowed to create Query / Script Reports,Solo el Administrador puede crear consultas / Informes de Secuencias de Comandos
Only Administrator can save a standard report. Please rename and save.,"Sólo el administrador puede guardar un informe estándar. Por favor, cambie el nombre y guardar."
Only Allow Edit For,Sólo Permitir Editar Para
Only allowed {0} rows in one import,Soló esta filas {0}  permitidas para una importación
Oops! Something went wrong,Oups! Algo salió mal
Open,Abierto
Open Count,Abrir Cuenta
Open Sans,Abrir Sans
Open Source Web Applications for the Web,Webapps Open Source para la Web
Open a module or tool,Abra un Módulo o Herramienta
Open {0},Abrir {0}
Optional: Alert will only be sent if value is a valid email id.,Opcional: Alerta sólo se enviará si el valor es un identificador de correo electrónico válida.
Optional: Always send to these ids. Each email id on a new row,Opcional: Enviar siempre a estos identificadores. Cada correo electrónico de identificación en una nueva fila
Optional: The alert will be sent if this expression is true,Opcional: La alerta será enviado si esta expresión es verdadera
Options,Opciones
Options 'Dynamic Link' type of field must point to another Link Field with options as 'DocType',"'Dynamic Link' type Opciones de campo debe apuntar a otro campo Vínculo con opciones como ""tipo de documento"""
Options Help,Opciones de Ayuda
Options for select. Each option on a new line. e.g.: <br>Option 1<br>Option 2<br>Option 3<br>,Opciones para la selecta. Cada opción en una línea nueva. por ejemplo: <br> Opción 1 Opción 2 Foto <br> Opción 3 <br>
Options must be a valid DocType for field {0} in row {1},Las opciones deben ser un tipo de documento válido para el campo {0} en la fila {1}
Options not set for link field {0},Las opciones no establecen para campo de enlace {0}
Options requried for Link or Table type field {0} in row {1},Opciones requried de Link o campo de tipo de tabla {0} en la fila {1}
Org History,org Historia
Org History Heading,Org Historia Heading
Original Message,Mensaje Original
Other,Otro
Outgoing Email Settings,Configuración del correo electrónico saliente
Outgoing Mail Server,Servidor de Correo Saliente
Outgoing Mail Server not specified,Servidor de Correo Saliente no Especificada
Owner,Propietario
PDF Page Size,Tamaño de Página PDF
PDF Settings,Configuración de PDF
POP3 Mail Server (e.g. pop.gmail.com),POP3 Mail Server (por ejemplo pop.gmail.com )
Page,Página
Page #{0} of {1},Página # {0} de {1}
Page Background,Fondo de Página
Page HTML,Página HTML
Page Header,Encabezado de Página
Page Header Background,Fondo del Encabezado de Página
Page Header Text,Texto del Encabezado de Página
Page Links,Enlaces de la Página
Page Name,Nombre de la Página
Page Role,Rol de la Página
Page Text,Texto de la Página
Page Title,Título de la Página
Page content,Contenido de Página
Page not found,Página no Encontrada
Page or Generator,Página o Generador
Page url name (auto-generated),Nombre de la url de la Página ( generada automáticamente )
Parent Label,Etiqueta Principal
Parent Post,Post Principal
Parent Website Page,Página Web Principal
Parent Website Route,Ruta del Website Principal
Parent Website Sitemap,Sitemap del Website Principal
Participants,Participantes
Password,Contraseña
Password Updated,Contraseña Actualizada
Password reset instructions have been sent to your email,Las instrucciones para el restablecimiento de la contraseña han sido enviadas a su correo electrónico
Patch,Parche
Patch Log,Registro de Parches
Percent,Por Ciento
Perm Level,Nivel Perm
Permanently Cancel {0}?,Cancelar permanentemente {0} ?
Permanently Submit {0}?,Permanentemente Presentar {0} ?
Permanently delete {0}?,Eliminar permanentemente {0} ?
Permission Level,Nivel de permisos
Permission Levels,Niveles de permisos
Permission Rules,Reglas de permisos
Permission already set,El permiso ya establecido
Permissions,Permisos
Permissions Settings,Configuración de permisos
Permissions are automatically translated to Standard Reports and Searches.,Los permisos se traducirán automáticamente a los informes Estándar y Búsquedas .
"Permissions are set on Roles and Document Types (called DocTypes) by setting rights like Read, Write, Create, Delete, Submit, Cancel, Amend, Report, Import, Export, Print, Email and Set User Permissions.","Los permisos se establecen en las funciones y tipos de documentos (llamados de DocTypes ) mediante el establecimiento de los derechos , como leer, escribir , crear, eliminar , Enviar, cancelación, rectificación , Informe , Importación, Exportación, impresión , correo electrónico y establecer los permisos de usuario ."
Permissions at higher levels are 'Field Level' permissions. All Fields have a 'Permission Level' set against them and the rules defined at that permissions apply to the field. This is useful in case you want to hide or make certain field read-only for certain Roles.,Permisos en los niveles más altos son los permisos ' Field Level ' .
"Permissions at level 0 are 'Document Level' permissions, i.e. they are primary for access to the document.","Los permisos de nivel 0 son permisos ' Documento Nivel ' , es decir, que son primarios para acceder al documento."
Permissions get applied on Users based on what Roles they are assigned.,Permisos obtener aplicado en los usuarios sobre la base de lo roles han sido asignados.
Permitted Documents For User,Documentos permitidos Para usuario
Person,Persona
Personal Info,Información Personal
Phone,Teléfono
Phone No.,No. de teléfono
Pick Columns,Elige Columnas
Picture URL,URL de la Imagen
Pincode,Código PIN
Please attach a file first.,Adjunte un archivo primero .
Please attach a file or set a URL,"Por favor, adjuntar un archivo o defina una URL"
Please do not change the rows above {0},"Por favor, no cambiar las filas de arriba {0}"
Please enable pop-ups,"Por favor, activa los pop- ups"
Please enter Event's Date and Time!,Por favor introduzca la fecha y hora del evento!
Please enter both your email and message so that we \				can get back to you. Thanks!,"Por favor, ingrese tanto su correo electrónico y mensaje para que nos \ se pondrá en contacto contigo. ¡Gracias!"
Please enter some text!,"Por favor, introduzca algún texto !"
Please enter title!,Por favor introduce el título !
Please login to Upvote!,Inicia sesión para Upvote !
Please make sure that there are no empty columns in the file.,"Por favor, asegúrese de que no hay columnas vacías en el archivo ."
Please refresh to get the latest document.,"Por favor, actualice para obtener el último documento ."
Please reply above this line or remove it if you are replying below it,"Por favor, responda por encima de esta línea o eliminarlo si contestas a continuación se"
Please select a file or url,"Por favor, seleccione un archivo o URL"
Please select atleast 1 column from {0} to sort,Por favor seleccione la columna al menos 1 de {0} para ordenar
Please set {0} first,"Por favor, configure {0} primero"
Please specify,"Por favor, especifique"
Please specify 'Auto Email Id' in Setup > Outgoing Email Settings,"Por favor, especifique ' Id Auto Email ""en Configuración> Configuración del correo electrónico saliente"
Please specify Event date and time,"Por favor, especifique la fecha y hora del evento"
Please specify doctype,"Por favor, especifique doctype"
Please specify user,"Por favor, especifique el usuario"
Please specify which date field must be checked,Por favor especificar qué campo de fecha debe ser verificado
Please specify which value field must be checked,"Por favor, especifique qué campo valor debe ser revisado"
Please upload using the same template as download.,"Por favor, sube con la misma plantilla para su descarga."
Plugin,Plugin
Port,Puerto
Post,puesto
Post Publicly,Publique públicamente
Post Topic,Mensaje Tema
Post already exists. Cannot add again!,Publica ya existe. No se puede agregar de nuevo!
Post does not exist. Please add post!,"Mensaje no existe. Por favor, añada post!"
Post to user,Publique al usuario
Posts,Mensajes
Previous Record,Registro Anterior
Primary,Primario
Print,impresión
Print Format,Formato de impresión
Print Format Help,Formato de impresión de Ayuda
Print Format Type,Formato de impresión Tipo
Print Format {0} does not exist,Formato de impresión de {0} no existe
Print Format {0} is disabled,Formato de impresión de {0} está deshabilitado
Print Hide,Imprimir Ocultar
Print Settings,Ajustes de impresión
Print Style,Estilo de impresión
Print Style Preview,Vista previa de Estilo de impresión
Print Width,Ancho de impresión
"Print with Letterhead, unless unchecked in a particular Document","Imprimir con membrete, a menos que sin comprobar en un documento concreto"
Print...,Imprimir ...
Printing and Branding,Impresión y Marcas
Priority,Prioridad
Private,Privado
Properties,Propiedades
Property,Propiedad
Property Setter,Setter Property
Property Type,Tipo de Inmueble
Public,Público
Published,Publicado
Published On,Publicado el
Published on website at: {0},Publicado en el sitio web en: {0}
Pull Emails from the Inbox and attach them as Communication records (for known contacts).,Tire de la bandeja de entrada de mensajes de correo electrónico que se adjuntarán como registros de comunicación ( para contactos conocidos) .
Query,Consulta
Query Options,Opciones de consulta
Query Report,Informe de consultas
Query must be a SELECT,Debe seleccionar la Consulta
Quick Help for Setting Permissions,Ayuda Rápida para Establecer Permisos
Quick Help for User Permissions,Ayuda Rápida para los Permisos de Usuario
Re-open,Vuelva a abrir
Read,Lectura
Read Only,Sólo Lectura
Received,Recibido
Recipient,Beneficiario
Recipients,Destinatarios
Record does not exist,Registro no existe
Ref DocType,Referencia Tipo de Documento
Ref Name,Nombre Ref
Ref Type,Tipo Ref
Reference,Referencia
Reference DocName,Referencia DocNombre
Reference DocType,Referencia DocType
Reference Name,Referencia Nombre
Reference Type,Tipo de Referencia
Refresh,Actualizar
Refreshing...,Actualizando...
Registered but disabled.,"De registro , pero está deshabilitado ."
Registration Details Emailed.,Detalles del Registro enviadas por Correo Electrónico .
Reload Page,recargar página
Remove Bookmark,Retire Bookmark
Remove all customizations?,Eliminar todas las personalizaciones ?
Rename many items by uploading a .csv file.,Cambiar el nombre de muchos artículos mediante la subida de un archivo csv . .
Rename...,Cambiar el nombre de ...
Repeat On,Repeat On
Repeat Till,Repita Hasta
Repeat this Event,Repita este Evento
Replies,Respuestas
Report,Informe
Report Builder,Generador de informes
Report Builder reports are managed directly by the report builder. Nothing to do.,Informes del Generador de informes son enviadas por el generador de informes . No hay nada que hacer.
Report Hide,Ocultar Informe
Report Name,Nombre del informe
Report Type,Tipo de informe
Report an Issue,Informar un Problema
Report cannot be set for Single types,Reportar no se puede configurar para los tipos individuales
Report this issue,Señalar este tema
Report was not saved (there were errors),Informe no se guardó ( hubo errores )
Reqd,reqd
Reset Password Key,Restablecer contraseña de clave
Reset Permissions for {0}?,Restablecer los permisos para {0} ?
Response,Respuesta
Restrict IP,Restringir IP
Restrict user from this IP address only. Multiple IP addresses can be added by separating with commas. Also accepts partial IP addresses like (111.111.111),Restringir el usuario desde esta dirección IP única . Varias direcciones IP se pueden agregar al separar con comas. También acepta direcciones IP parciales como ( 111.111.111 )
Right,derecho
Role,Rol
Role Name,Nombre de función
Role Permissions Manager,Función Permisos Administrador
Role and Level,"Clases, y Nivel"
Role exists,existe Rol
Roles,Roles
Roles Assigned,Roles asignados
Roles Assigned To User,Roles asignados a Usuario
Roles HTML,Roles HTML
Roles can be set for users from their User page.,Las funciones se pueden configurar para los usuarios de su página de usuario .
Root {0} cannot be deleted,Raíz {0} no se puede eliminar
Row,Fila
Row #{0}:,Fila # {0}:
Rules defining transition of state in the workflow.,Reglas que definen la transición de estado del flujo de trabajo .
"Rules for how states are transitions, like next state and which role is allowed to change state etc.","Reglas para cómo los estados son las transiciones , como el siguiente estado y qué papel se le permite cambiar de estado , etc"
Run scheduled jobs only if checked,Ejecutar las tareas programadas solamente si están comprobadas
Run the report first,Ejecute el informe primero
SMTP Server (e.g. smtp.gmail.com),"SMTP Server ( por ejemplo, smtp.gmail.com )"
Sales,Venta
Same file has already been attached to the record,Lo mismo archivo ya se ha adjuntado al expediente
Sample,Muestra
Saturday,Sábado
Save,Guardar
Scheduler Log,Programador Iniciar sesión
Script,guión
Script Report,Informe de secuencias de comandos
Script Type,Guión Tipo
Search,Búsqueda
Search Fields,campos de búsqueda
Search in a document type,Buscar en un tipo de documento
Search or type a command,Busque o escriba un comando
Section Break,Salto de sección
Security,Seguridad
Security Settings,Configuración de seguridad
Select,Seleccionar
Select All,Seleccionar todo
Select Attachments,Seleccione Adjuntos
Select Document Type,Seleccionar el tipo de documento
Select Document Type or Role to start.,Seleccione el tipo de documento o Papel para empezar.
Select Print Format,Seleccionar el formato de impresión
Select Report Name,Seleccionar Nombre del informe
Select Role,Seleccione Papel
Select To Download:,Seleccione la descarga :
Select Type,Seleccione el tipo de
Select User or DocType to start.,Seleccionar usuario o tipo de documento para empezar.
Select a Banner Image first.,Seleccione una imagen de encabezado primero .
Select an image of approx width 150px with a transparent background for best results.,Seleccione una imagen de ancho aprox 150px con fondo transparente para obtener mejores resultados .
Select dates to create a new ,Select dates to create a new 
"Select modules to be shown (based on permission). If hidden, they will be hidden for all users.","Seleccione los módulos que expondrá ( basado en el permiso) . Si oculta , se oculta para todos los usuarios ."
Select or drag across time slots to create a new event.,Seleccione o arrastre a través de los intervalos de tiempo para crear un nuevo evento.
"Select target = ""_blank"" to open in a new page.","Select target = "" _blank"" para abrir en una nueva página."
Select the label after which you want to insert new field.,Seleccione la etiqueta después de la cual desea insertar el nuevo campo .
Send,Enviar
Send Alert On,Enviar Alerta en
Send As Email,Enviar como correo electrónico
Send Email,Enviar Correo Electronico
Send Email Print Attachments as PDF (Recommended),Enviar Email Imprimir adjuntos en formato PDF (recomendado)
Send Me A Copy,Enviarme una copia
Send Password,Enviar contraseña
Send Print as PDF,Enviar Impresión como PDF
Send alert if date matches this field's value,Envíe la alarma si la fecha coincide con el valor de este campo
Send alert if this field's value changes,Enviar alerta si cambia el valor de este campo
Send an email reminder in the morning,Enviar un recordatorio por correo electrónico en la mañana
Send download link of a recent backup to System Managers,Enviar enlace de descarga de una copia de seguridad reciente para Gerentes de Sistemas
Send enquiries to this email address,Puede enviar sus preguntas a la siguiente dirección de correo electrónico
Sender,Remitente
Sent,Enviado
Sent Mail,Correo Enviado
Sent Quotation,Presupuesto enviado
Sent or Received,Envío y de recepción
Series,Serie
Series {0} already used in {1},Serie {0} ya se utiliza en {1}
Server,Servidor
Server & Credentials,Servidor y Credenciales
Server Error: Please check your server logs or contact tech support.,Error de servidor : Se recomienda consultar los registros del servidor o contacte con Atención tecnología.
Session Expired. Logging you out,Sesión ha finalizado. Iniciando tu salida
Session Expiry,Sesión de caducidad
Session Expiry in Hours e.g. 06:00,"Sesión de caducidad en horas , por ejemplo, 06:00"
Session Expiry must be in format {0},Sesión de caducidad debe estar en formato {0}
Set Banner from Image,Establecer Banner de imagen
Set Link,Establecer Enlace
Set Login and Password if authentication is required.,Set de usuario y contraseña si se requiere autenticación .
Set Only Once,Un único ajuste
Set Password,Establecer contraseña
Set Permissions on Document Types and Roles,Establecer permisos en los tipos de documentos y Roles
Set Permissions per User,Establecer permisos por usuario
Set User Permissions,Establecer permisos de usuario
Set Value,Valor seleccionado
"Set default format, page size, print style etc.","Establecer formato por defecto, tamaño de página, el estilo de impresión, etc"
Set numbering series for transactions.,Establecer series de numeración para las transacciones.
Set outgoing mail server.,Configure el servidor de correo saliente.
Settings,Configuración
Settings for About Us Page.,Ajustes para Nosotros Pagina .
Settings for Contact Us Page.,Ajustes para la página de contacto.
Setup,Configuración
Setup > User,Configuración> Usuario
Setup > User Permissions Manager,Configuración> Permisos de usuario Administrador
Setup Email Alert based on various criteria.,Configuración de Alerta de E-mail basado en varios criterios.
Setup of fonts and background.,Configuración de fuentes y el fondo .
"Setup of top navigation bar, footer and logo.","Configuración de la barra de navegación superior , pie de página y el logotipo."
Short Bio,Biografía corta
Short Name,Nombre corto
Shortcut,atajo
Show / Hide Modules,Mostrar / Ocultar Módulos
Show Print First,Mostrar Imprimir Primera
Show Tags,Mostrar Etiquetas
Show or hide modules globally.,Mostrar u ocultar los módulos a nivel mundial.
Show rows with zero values,Mostrar filas con valores de cero
Show tags,Mostrar etiquetas
Show this field as title,Mostrar este campo como título
Showing only for (if not empty),Mostrando sólo para (si no está vacío)
Sidebar,Sidebar
Sidebar Items,Sidebar Artículos
Sidebar Links for Home Page only,Sidebar Enlaces para página inicial sólo
Sign Up,Regístrese
Sign in,registrarse
Sign up,contratar
Single Post (article).,Mensaje Individual ( artículo).
Single Types have only one record no tables associated. Values are stored in tabSingles,Tipos simples tienen sólo un registro no hay tablas asociadas . Los valores se almacenan en tabSingles
Sitemap Browser,Mapa del sitio Navegador
Slideshow,Presentación
Slideshow Items,Presentación Artículos
Slideshow Name,Presentación Nombre
Small Text,Texto Pequeño 
Social Login Keys,Social Iniciar sesión Keys
Solid background color (default light gray),Color de fondo sólido ( gris claro defecto)
Sorry we were unable to find what you were looking for.,"Lo sentimos, no pudimos encontrar lo que estabas buscando ."
Sorry you are not permitted to view this page.,"Lo sentimos, usted no está autorizado a ver esta página ."
Sort By,Ordenado por
Sort Field,Ordenar campo
Sort Order,Orden de Clasificación
Standard,estándar
Standard Print Format cannot be updated,Formato de impresión estándar no se puede actualizar
Standard Reply,Responder estándar
Standard Reports,Informes estándar
Standard replies to common queries.,Norma responde a las preguntas comunes.
Start Report For,Informe de inicio para
Starts on,comienza el
State,Estado
States,Unidos
"States for workflow (e.g. Draft, Approved, Cancelled).","Unidos para el flujo de trabajo (por ejemplo, Proyecto , Aprobado , Cancelado ) ."
Static File Timestamp,Marca de tiempo del archivo estático
Status,estado
Step 1: Set the name and save.,Paso 1 : Establezca el nombre y guardar.
Step 2: Set Letterhead content.,Paso 2 : Establecer el contenido de membrete .
Style,Estilo
Style Settings,Ajustes
"Style represents the button color: Success - Green, Danger - Red, Inverse - Black, Primary - Dark Blue, Info - Light Blue, Warning - Orange","Estilo representa el color del botón : Éxito - Verde , Peligro - rojo , Inverse - Negro , Primaria - azul oscuro , Info - azul claro, Advertencia - Orange"
Sub-domain provided by erpnext.com,Sub - dominio proporcionado por erpnext.com
Subdomain,Subdominio
Subject,Sujeto
Submit,presentar
Submit an Issue,Presentar un problema
Submitted,Enviado
Submitted Document cannot be converted back to draft. Transition row {0},Documento presentado no se puede convertir de nuevo a redactar .
Success,Exito
Suggestion,Sugerencia
Sunday,Domingo
Switch to Website,Cambie a la página web
Sync Inbox,Sync Bandeja de entrada
System,Sistema
System Settings,Configuración del sistema
System User,usuario del Sistema
System and Website Users,Sistema y Sitio web Usuarios
System generated mails will be sent from this email id.,Mails generados sistema serán enviados desde este correo electrónico de identificación .
Table,Tabla
Table {0} cannot be empty,La tabla {0} no puede estar vacío
Tag,Etiqueta
Tag Name,Tag Nombre
Tags,Etiquetas
Tahoma,Tahoma
Target,Objetivo
Tasks,Tareas
Team Members,Miembros del Equipo
Team Members Heading,Miembros del Equipo Rúbrica
Template,Plantilla
Template Pages cannot be moved,Páginas de plantillas no se pueden mover
Test,Prueba
Test Runner,Test Runner
Text,Texto
Text Align,Alineación del texto
Text Editor,Editor de texto
Thank you for your message,¡Gracias por tu mensaje!
The name of your company / website as you want to appear on browser title bar. All pages will have this as the prefix to the title.,El nombre de su empresa / sitio web como usted desea que aparezca en la barra de título del navegador . Todas las páginas tendrán esto como el prefijo del título.
The system provides many pre-defined roles. You can add new roles to set finer permissions.,El sistema ofrece muchas funciones predefinidas . Usted puede agregar nuevos roles para establecer permisos más finos.
Then By (optional),Entonces por ( opcional)
There should remain at least one System Manager,Debe permanecer al menos un administrador del sistema de
There were errors,Hubo errores
There were errors while sending email. Please try again.,"Hubo errores al enviar el correo electrónico. Por favor, inténtelo de nuevo."
"There were some errors setting the name, please contact the administrator","Había algunos errores de configuración el nombre, por favor póngase en contacto con el administrador"
"These permissions will apply for all transactions where the permitted record is linked. For example, if Company C is added to User Permissions of user X, user X will only be able to see transactions that has company C as a linked value.",Estos permisos se aplican para todas las transacciones en las que se vincula el registro permitido.
These values will be automatically updated in transactions and also will be useful to restrict permissions for this user on transactions containing these values.,Estos valores se actualizan automáticamente en las transacciones y también serán útiles para restringir los permisos para este usuario en transacciones que contienen estos valores.
"These will also be set as default values for those links, if only one such permission record is defined.","Estos también se pueden establecer como valores predeterminados para los enlaces , si no se define sólo uno de dichos registros permiso."
Third Party Authentication,Tercer partido de autenticación
This field will appear only if the fieldname defined here has value OR the rules are true (examples): <br>myfieldeval:doc.myfield=='My Value'<br>eval:doc.age>18,Este campo sólo aparecerá si el nombre del campo definido de aquí tiene valor o las reglas son verdaderas (ejemplos): <br>  myfield  eval: doc.myfield == 'Mi Value' <br>  eval: doc.age> 18
This goes above the slideshow.,Esto va por encima de la presentación de diapositivas.
This is PERMANENT action and you cannot undo. Continue?,Esta es una acción PERMANENTE y no se puede deshacer . ¿Desea continuar?
"This is a standard format. To make changes, please copy it make make a new format.","Este es un formato estándar. Para realizar cambios, por favor cópielo hacer hacer un nuevo formato."
This is permanent action and you cannot undo. Continue?,Esta es una acción permanente y no se puede deshacer . ¿Desea continuar?
This must be checked if Style Settings are applicable,Esto se debe comprobar si la configuración de estilo son aplicables
This role update User Permissions for a user,Este papel Permisos de actualización de usuario para un usuario
Thursday,Jueves
Tile,Título
Time,Tiempo
Time Zone,Huso Horario
Timezone,Zona horaria
Title,Título
Title / headline of your page,Título / Encabezado de su Página
Title Case,Zona de Título
Title Field,Campo de Título
Title Prefix,Prefijo del Título
Title field must be a valid fieldname,Campo Título debe ser un nombre de campo válido
Title is required,Se requiere título
To,a
To Do,Para hacer
"To format columns, give column labels in the query.","Para dar formato a columnas , dará títulos de las columnas en la consulta."
"To give acess to a role for only specific records, check the 'Apply User Permissions'. User Permissions are used to limit users with such role to specific records.","Para dar acesso a un papel de sólo registros específicos , marque la opción ' Aplicar permisos de usuario ' ."
"To run a test add the module name in the route after '{0}'. For example, {1}","Para ejecutar una prueba de agregar el nombre del módulo en la ruta después de '{0}'. Por ejemplo , {1}"
ToDo,Por hacer
Too many writes in one request. Please send smaller requests,Demasiados escribe en una sola solicitud . Favor de enviar peticiones más pequeñas
Top Bar,Top Bar
Top Bar Background,Top Bar Antecedentes
Top Bar Item,Top Bar artículo
Top Bar Items,Top Artículos Bar
Top Bar Text,Top Bar texto
Top Bar text and background is same color. Please change.,Texto de la barra superior y el fondo es el mismo color. Por favor cambia .
Transaction,Transacción
Transition Rules,Reglas de Transición
Tuesday,Martes
Tweet will be shared via your user account (if specified),Tweet será compartida a través de su cuenta de usuario ( si se especifica)
Twitter Share,Compartir en Twitter
Twitter Share via,Twitter Compartir a través de
Type,Tipo
Unable to find attachment {0},No es posible encontrar adjunto {0}
Unable to load: {0},No se puede cargar : {0}
Unable to open attached file. Please try again.,"No se puede abrir el archivo adjunto. Por favor, inténtelo de nuevo."
Unable to send emails at this time,No se pueden enviar mensajes de correo electrónico en este momento
Unknown Column: {0},Columna Desconocida: {0}
"Unknown file encoding. Tried utf-8, windows-1250, windows-1252.","Codificación de archivo desconocido . Intentado utf- 8 , Windows -1250 , windows-1252 ."
Unread Messages,Mensajes no leídos
Unsubscribe,Cancelar la Suscripción
Unsubscribed,No Suscrito
Upcoming Events for Today,Eventos para Hoy
Update,Actualización
Update Field,Actualizar campos
Update Value,Actualizar Valor
Updated,actualizado
Upload,Subir
Upload Attachment,Subir Archivos Adjuntos
Upload CSV file containing all user permissions in the same format as Download.,Subir archivo CSV que contiene todos los permisos de usuario en el mismo formato que en Descargar.
Upload a file,Subir un archivo
Upload and Import,Subir e Importar
Upload and Sync,Carga y Sincronización
Uploading...,Subiendo ...
Upvotes,upvotes
Use TLS,Utilice TLS
User,Usuario
User Cannot Create,El usuario no puede crear
User Cannot Search,El usuario no puede buscar
User Defaults,predeterminadas del usuario
User ID of a blog writer.,ID de usuario de un escritor de blog.
User Image,Imagen de Usuario
User Permission,Permiso de Usuario
User Permissions,Permisos de usuario
User Permissions Manager,Permisos de usuario Administrador
User Roles,funciones de usuario
User Tags,Nube de etiquetas
User Type,Tipo de usuario
"User Type ""System User"" can access Desktop. ""Website User"" can only be logged into the website and portal pages. ","User Type ""System User"" can access Desktop. ""Website User"" can only be logged into the website and portal pages. "
User Vote,Vota usuario
User not allowed to delete {0}: {1},El usuario no permite eliminar {0}: {1}
User permissions should not apply for this Link,Los permisos de usuario no deben aplicarse para este enlace
User {0} cannot be deleted,El usuario {0} no se puede eliminar
User {0} cannot be disabled,El usuario {0} no se puede deshabilitar
User {0} cannot be renamed,El usuario {0} no puede ser renombrado
User {0} does not exist,El usuario {0} no existe
UserRole,UserRole
Users and Permissions,Usuarios y permisos
Users with role {0}:,Los usuarios con rol {0}:
Valid Login id required.,Identificación de usuario válido requerido.
Valid email and name required,Nombre y Correo Electrónico válido requerido
Value,Valor
Value Change,Cambio de Valor
Value Changed,Valor Cambiado
Value cannot be changed for {0},El valor no puede ser cambiado para {0}
Value for a check field can be either 0 or 1,Valor para un campo de verificación puede ser 0 o 1
Value missing for,Falta un valor de
Verdana,Verdana
Version,Versión
Version restored,Versión restaurada
View or manage Website Route tree.,Ver o Administrar ruta del árbol Web.
Visit,Visita
Warning,Advertencia
Warning: This Print Format is in old style and cannot be generated via the API.,Advertencia: Este formato de impresión es de estilo antiguo y no se puede generar a través de la API.
Web Page,Página Web
Web Site Forum Page.,Foro del Sitio Web Página .
Website,Sitio Web
Website Group,Grupo del Sitio Web
Website Route,Sitio web Ruta
Website Route Permission,Permiso Ruta Website
Website Script,Guión Sitio web
Website Settings,Configuración del sitio web
Website Slideshow,Presentación Página Web
Website Slideshow Item,Sitio web Presentación del artículo
Website User,Sitio Web
Wednesday,Miércoles
Welcome email sent,Correo electrónico de bienvenida enviado
"When you Amend a document after Cancel and save it, it will get a new number that is a version of the old number.","Cuando se modifique un documento después de Cancelar y guardarlo , se obtendrá un nuevo número que es una versión del antiguo número."
Width,Ancho
Will be used in url (usually first name).,Se utilizará en la url (generalmente el primer nombre).
With Groups,Con Grupos
With Ledgers,Con Libros de Contabilidad
With Letterhead,Con Membrete
Workflow,Flujo de Trabajo
Workflow Action,Acción del Flujo de Trabajo
Workflow Action Name,Nombre de la Acción del Grupo de Trabajo
Workflow Document State,Estado de los Documentos del Flujo de Trabajo
Workflow Document States,Estados de los Documentos de los Flujos de Trabajo
Workflow Name,Nombre de flujo
Workflow State,Flujo de trabajo Estado
Workflow State Field,Flujo de trabajo de campo Estado
Workflow Transition,La transición de flujo de trabajo
Workflow Transitions,Workflow Transiciones
Workflow will start after saving.,Flujo de trabajo se iniciará después de guardar .
Write,Escribir
Write a Python file in the same folder where this is saved and return column and result.,Escriba un archivo de Python en la misma carpeta donde esta se guarda y la columna y el resultado volver.
Write a SELECT query. Note result is not paged (all data is sent in one go).,Escriba una consulta SELECT. Resultado Nota no se pagina ( todos los datos se envían en una sola vez ) .
Write titles and introductions to your blog.,Escribe títulos y las introducciones a tu blog .
Writers Introduction,Introducción de los Escritores
Year,Año
Yes,Sí
Yesterday,Ayer
You are not allowed to create / edit reports,No se le permite crear / editar reportes
You are not allowed to export the data of: {0}. Downloading empty template.,No se le permite exportar los datos de: {0} . Descargando plantilla vacía.
You are not allowed to export this report,No se le permite exportar este reporte
You are not allowed to print this document,No está autorizado a imprimir este documento
You are not allowed to send emails related to this document,Usted no tiene permiso para enviar mensajes de correo electrónico relacionados con este documento
"You can change Submitted documents by cancelling them and then, amending them.","Puede cambiar los documentos Enviados cancelándolos y luego, haciendo los cambios pertinentes."
You can use Customize Form to set levels on fields.,Usted puede utilizar Personalizar formulario para establecer los niveles de los campos .
You can use wildcard %,Puede utilizar caracteres comodín%
You cannot install this app,No se puede instalar esta aplicación
You have unsaved changes in this form. Please save before you continue.,Usted tiene cambios sin guardar en este formulario. Por favor guardar antes de continuar.
You need to be logged in and have System Manager Role to be able to access backups.,"Necesitas estar conectado y tener rol de Administrador del Sistema, para poder tener acceso a las copias de seguridad ."
You need write permission to rename,Usted necesita permiso de escritura para cambiar el nombre
You seem to have written your name instead of your email. \					Please enter a valid email address so that we can get back.,"Parece que ha escrito su nombre en lugar de su correo electrónico. \ Por favor, introduce una dirección de email válida para que podamos volver a contactarte."
"Your download is being built, this may take a few moments...","Se está generando su descarga, esto puede tardar unos minutos..."
[Label]:[Field Type]/[Options]:[Width],[ Label ] : [ Tipo de Campo] / [ Opciones] : [Ancho ]
[Optional] Send the email X days in advance of the specified date. 0 equals same day.,[Opcional] Enviar los días email X antes de la fecha especificada. 0 es igual mismo día.
add your own CSS (careful!),Añada su propio CSS ( ¡cuidado! )
adjust,Ajustar
align-center,align - centrado
align-justify,alinear - justificar
align-left,alinear -izquierda
align-right,alinear a la derecha
and,y
arrow-down,flecha hacia abajo
arrow-left,flecha -izquierda
arrow-right,arrow-right
arrow-up,flecha hacia arriba
asterisk,asterisco
backward,hacia atrás
ban-circle,Área de Prohibición
barcode,código de barras
beginning with,a partir de
bell,campana
bold,negrita
book,Libro
bookmark,marcador
briefcase,Cartera
bullhorn,Megáfono
calendar,calendario
camera,Cámara
certificate,certificado
check,comprobar
chevron-down,chevron -down
chevron-left,izquierda chevron
chevron-right,chevron - derecha
chevron-up,chevron -up
circle-arrow-down,circle-arrow -down
circle-arrow-left,izquierda - circle-arrow
circle-arrow-right,circle- arrow-right
circle-arrow-up,circle-arrow -up
cog,diente
comment,comentario
comments,comentarios
dd-mm-yyyy,dd- mm- aaaa
dd.mm.yyyy,dd.mm.aaaa
dd/mm/yyyy,dd / mm / aaaa
download,descargar
download-alt,descargar -alt
edit,editar
eject,Expulsar
envelope,Sobre
exclamation-sign,exclamación signo
eye-close,ojo -cierre
eye-open,- ojo abierto
facetime-video,FaceTime y vídeo
fast-backward,retroceso rápido
fast-forward,avance rápido
file,expediente
film,película
filter,filtro
fire,fuego
flag,bandera
folder-close,carpeta de cerca
folder-open,- carpeta abierta
font,Fuente
forward,adelante
found,encontrado
fullscreen,pantalla completa
gift,regalo
glass,vidrio
globe,globo
hand-down,mano hacia abajo
hand-left,a mano izquierda
hand-right,a mano derecha
hand-up,mano hacia arriba
hdd,hdd
headphones,Auriculares
heart,corazón
home,casa
icon,icono
inbox,bandeja de entrada
indent-left,guión - izquierda
indent-right,guión - derecha
info-sign,info- signo
is not allowed.,no está permitido.
italic,itálico
leaf,hoja
lft,lft
list,lista
list-alt,list- alt
lock,cerrar
lowercase,minúsculas
magnet,imán
map-marker,mapa del marcador
memcached is not working / stopped. Please start memcached for best results.,"memcached no funciona / se detuvo. Por favor, inicie memcached para obtener mejores resultados ."
minus,menos
minus-sign,signo menos
mm-dd-yyyy,mm-dd-aaaa
mm/dd/yyyy,mm/dd/aaaa
move,mover
music,música
none of,ninguno de
off,Apagado
ok,Bueno
ok-circle,ok- círculo
ok-sign,ok- signo
one of,uno de
or,o
pause,pausa
pencil,Lápiz
picture,Imagen
plane,Plano
play,Iniciar
play-circle,play- círculo
plus,más
plus-sign,signo más
print,impresión
qrcode,Código QR
question-sign,Consultar Firma
random,azar
refresh,refrescar
remove,eliminar
remove-circle,eliminar el efecto de círculo
remove-sign,eliminar el efecto de signo
repeat,Repetir
resize-full,cambiar el tamaño completo
resize-horizontal,cambiar el tamaño horizontal
resize-small,cambiar el tamaño pequeño
resize-vertical,cambiar el tamaño vertical
retweet,Retweet
rgt,RGT
road,ruta
screenshot,Captuta de Pantalla
search,búsqueda
share,cuota
share-alt,share- alt
shopping-cart,carro de la compra
signal,Señal
star,estrella
star-empty,- estrella vacía
step-backward,paso hacia atrás
step-forward,paso hacia adelante
stop,detener
tag,etiqueta
tags,etiquetas
"target = ""_blank""","target = "" _blank"""
tasks,tareas
text-height,text- altura
text-width,texto de ancho
th,ª
th-large,-ésimo gran
th-list,th -list
thumbs-down,pulgar hacia abajo
thumbs-up,pulgar hacia arriba
time,tiempo
tint,tinte
to,a
trash,basura
upload,subir
use % as wildcard,Use% como comodín
user,usuario
user_image_show,user_image_show
values and dates,Valores y Fechas
values separated by commas,valores separados por comas
volume-down,volumen hacia abajo
volume-off,volumen de despegue
volume-up,volumen -up
warning-sign,advertencia signo
wrench,llave inglesa
yyyy-mm-dd,aaaa-mm-dd
zoom-in,Acercar
zoom-out,Alejar
{0} List,{0} Lista
{0} added,{0} agregado
{0} by {1},{0} por {1}
{0} cannot be set for Single types,{0} no se puede establecer para los tipos individuales
{0} does not exist in row {1},{0} no existe en la fila {1}
{0} in row {1} cannot have both URL and child items,{0} en la fila {1} no se puede tener ambas cosas URL y elementos secundarios
{0} is not a valid email id,{0} no es un correo electrónico de identificación válida
{0} is required,{0} es necesario
{0} is saved,{0} se guarda
{0} must be one of {1},{0} debe ser una de {1}
{0} must be set first,{0} debe establecerse primero
{0} not a valid State,{0} no es un Estado válida
{0} not allowed in fieldname {1},{0} no permitido en el nombre de campo {1}
{0} not allowed in name,{0} no se permite en nombre
{0} not allowed to be renamed,{0} no se les permite cambiar el nombre
{0} updated,{0} actualizado
{0} {1} already exists,{0} {1} ya existe
"{0} {1} cannot be ""{2}"". It should be one of ""{3}""","{0} {1} no puede ser ""{2}"". Debe ser uno de ""{3}"""
{0} {1} cannot be a leaf node as it has children,"{0} {1} no puede ser un nodo de hoja , ya que tiene los niños"
"{0} {1} does not exist, select a new target to merge","{0} {1} no existe , seleccione un nuevo objetivo de fusionar"
{0} {1} not found,{0} {1} no encontrado
{0} {1}: Submitted Record cannot be deleted.,{0} {1}: Registro Enviado no se puede eliminar.
{0}: Cannot set Amend without Cancel,{0}: no se puede establecer sin Enmendar Cancelar
{0}: Cannot set Assign Amend if not Submittable,{0}: no se puede establecer Asignar enmendar si no submittable
{0}: Cannot set Assign Submit if not Submittable,{0}: no se puede establecer Asignar Enviar si no submittable
{0}: Cannot set Cancel without Submit,{0}: no se puede establecer sin Cancelar Enviar
{0}: Cannot set Import without Create,{0}: no se puede establecer de importación y sin crear
"{0}: Cannot set Submit, Cancel, Amend without Write","{0}: no se puede establecer en Enviar, cancelación, rectificación y sin escritura"
{0}: Cannot set import as {1} is not importable,{0}: no se puede establecer de importación como {1} no es importable
"{0}: Create, Submit, Cancel and Amend only valid at level 0","{0}: Crear, Enviar, Cancelar y Modificar la única válida en el nivel 0"
{0}: No basic permissions set,{0}: Ningún conjunto de permisos básica
"{0}: Only one rule allowed with the same Role, Level and Apply User Permissions","{0}: Sólo una norma permitida con la misma función, nivel y aplicar permisos de usuario"
{0}: Permission at level 0 must be set before higher levels are set,{0} : Permiso en el nivel 0 se debe establecer antes de fijar niveles más altos
{app_title},{ app_title }
