 by Role ,per rol
 is not set,is niet ingesteld
"""Company History""",&quot;Geschiedenis&quot;
"""Team Members"" or ""Management""",&quot;Team Members&quot; of &quot;Management&quot;
'In List View' not allowed for type {0} in row {1},' In List View' niet toegestaan ​​voor type {0} in rij {1}
0 - Draft; 1 - Submitted; 2 - Cancelled,0 - Ontwerp; 1 - Ingezonden; 2 - Cancelled
0 is highest,0 is hoogst
"000 is black, fff is white","000 is zwart, fff is wit"
2 days ago,2 dagen geleden
"<a href=""https://en.wikipedia.org/wiki/Transport_Layer_Security"" target=""_blank"">[?]</a>","<a href=""https://en.wikipedia.org/wiki/Transport_Layer_Security"" target=""_blank""> [ ? ] < / a>"
"<a onclick=""msgprint('<ol>\<li><b>field:[fieldname]</b> - By Field\<li><b>naming_series:</b> - By Naming Series (field called naming_series must be present\<li><b>Prompt</b> - Prompt user for a name\<li><b>[series]</b> - Series by prefix (separated by a dot); for example PRE.#####\</ol>')"">Naming Options</a>","<A onclick = ""msgprint ('<ol> \ <li> <b> veld: [veldnaam] </ b> - Door Field \ <li> <b> naming_series: </ b > - Door Naming Series (veld genaamd naming_series moet aanwezig zijn \ <li> <b> Prompt </ b> - Vraagt de gebruiker om een naam \ <li> <b> [serie] </ . b> - Series by prefix (gescheiden door een punt), bijvoorbeeld PRE # # # # # \ </ ol> ') ""> Naamgeving Opties </ a>"
<b>new</b> <i>type of document</i>,<b> nieuwe </ b> <i> type document </ i>
"<i>document type...</i>, e.g. <b>customer</b>","<i> documenttype ... </ i>, bijv. <b> klant </ b>"
<i>e.g. <strong>(55 + 434) / 4</strong> or <strong>=Math.sin(Math.PI/2)</strong>...</i>,<i> bijv. <strong> (55 + 434) / 4 </ strong> of <strong> = Math.sin (Math.PI / 2) </ strong> ... </ i>
<i>module name...</i>,<i> module naam ... </ i>
<i>text</i> <b>in</b> <i>document type</i>,<i> tekst </ i> <b> in </ b> <i> documenttype </ i>
A user can be permitted to multiple records of the same DocType.,Een gebruiker kan worden toegelaten ​​tot meerdere records van dezelfde DocType .
About,Over
About Us Settings,Over Ons Instellingen
About Us Team Member,Over ons Teamlid
Action,Actie
Actions,Acties
"Actions for workflow (e.g. Approve, Cancel).","Acties voor workflow ( bijv. goedkeuren , Annuleren) ."
Add,Toevoegen
Add A New Rule,Voeg een nieuwe regel toe
Add A User Permission,Voeg een Gebruikersrol toe
Add Attachments,Bijlagen toevoegen
Add Bookmark,Voeg bladwijzer toe
Add CSS,Voeg CSS toe
Add Column,Kolom toevoegen
Add Google Analytics ID: eg. UA-89XXX57-1. Please search help on Google Analytics for more information.,Voeg Google Analytics ID toe: bv. UA-89XXX57-1. Zoek hulp bij Google Analytics voor meer informatie.
Add Message,Bericht toevoegen
Add New Permission Rule,Toevoegen nieuwe Toestemming regel
Add Reply,Voeg antwoord
Add Total Row,Voeg Totaal Row
Add a New Role,Voeg een nieuwe rol toe
Add a banner to the site. (small banners are usually good),Plaat een banner op de site. (Kleine banners zijn meestal goed)
Add all roles,Voeg alle rollen toe
Add attachment,Bijlage toevoegen
Add code as &lt;script&gt;,Voeg code toe als <script>
Add custom javascript to forms.,Voeg aangepaste javascript toe aan formulieren.
Add fields to forms.,Voeg velden toe aan formulieren
Add multiple rows,Meerdere rijen toevoegen
Add new row,Voeg een nieuwe rij
"Add the name of <a href=""http://google.com/webfonts"" target=""_blank"">Google Web Font</a> e.g. ""Open Sans""","Voeg de naam van de <a href=""http://google.com/webfonts"" target=""_blank"">Google Web Font</a> bv. &quot;Open Sans&quot;"
Add to To Do,Toevoegen aan To Do
Add to To Do List Of,In To Do List van
Added {0} ({1}),Toegevoegd {0} ({1})
Adding System Manager to this User as there must be atleast one System Manager,System Manager toe te voegen aan deze gebruikershandleiding als er tenminste een System Manager moet zijn
Additional Info,Extra informatie
Additional Permissions,extra Machtigingen
Address,Adres
Address Line 1,Adres Lijn 1
Address Line 2,Adres Lijn 2
Address Title,Adres Titel
Address and other legal information you may want to put in the footer.,Adres-en andere wettelijke informatie die u wilt zetten in de voettekst.
Admin,admin
All Applications,Alle toepassingen
All Day,All Day
All customizations will be removed. Please confirm.,Alle aanpassingen zullen worden verwijderd. Gelieve te bevestigen.
"All possible Workflow States and roles of the workflow. <br>Docstatus Options: 0 is""Saved"", 1 is ""Submitted"" and 2 is ""Cancelled""","Alle mogelijke Workflow Staten en rollen van de workflow. <br> Docstatus Opties: 0 is &quot;Saved&quot;, is 1 &quot;Submitted&quot; en 2 &quot;Cancelled&quot;"
Allow Attach,Laat Bevestig
Allow Import,Laat importeren
Allow Import via Data Import Tool,Laat importeren via Gegevens importeren Tool
Allow Rename,Laat hernoemen
Allow on Submit,Laat op Submit
Allow user to login only after this hour (0-24),Gebruiker mag alleen inloggen na dit uur (0-24)
Allow user to login only before this hour (0-24),Gebruiker mag alleen inloggen voordat dit uur (0-24)
Allowed,Toegestaan
"Allowing DocType, DocType. Be careful!","Het toestaan ​​DocType , DocType . Wees voorzichtig !"
Already Registered,Reeds geregistreerd
Already in user's To Do list,Reeds in gebruiker takenlijst
Alternative download link,Alternatieve download link
"Alternatively, you can also specify 'auto_email_id' in site_config.json",Als alternatief kunt u ook ' auto_email_id ' opgeeft in site_config.json
Always use above Login Id as sender,Gebruik altijd boven Inloggen Id als afzender
Amend,Amenderen
"An icon file with .ico extension. Should be 16 x 16 px. Generated using a favicon generator. [<a href=""http://favicon-generator.org/"" target=""_blank"">favicon-generator.org</a>]","Een icoon bestand met. Ico extensie. Moet 16 x 16 px. Gegenereerd met behulp van een favicon generator. [ <a href=""http://favicon-generator.org/"" target=""_blank"">favicon-generator.org</a> ]"
"Another {0} with name {1} exists, select another name","Een ander {0} met de naam {1} bestaat, selecteert u een andere naam"
Any existing permission will be deleted / overwritten.,Elke bestaande toelating zullen worden verwijderd / overschreven.
Anyone Can Read,Iedereen kan lezen
Anyone Can Write,Iedereen kan schrijven
"Apart from Role based Permission Rules, you can apply User Permissions based on DocTypes.","Naast rollen gebaseerde Permission Regels , kunt u Gebruikersmachtigingen toepassen op basis van DocTypes ."
"Apart from System Manager, roles with 'Set User Permissions' right can set permissions for other users for that Document Type.","Afgezien van de System Manager , kan rollen met recht ' Set User Permissions ' machtigingen voor andere gebruikers voor die Soort document ."
App Name,App Naam
App not found,App niet gevonden
Application Installer,Application Installer
Applications,toepassingen
Apply Style,toepassen Stijl
Apply User Permissions,Solliciteer Gebruikersmachtigingen
Are you sure you want to delete the attachment?,Weet u zeker dat u de bijlage wilt verwijderen?
Arial,Arial
"As a best practice, do not assign the same set of permission rule to different Roles. Instead, set multiple Roles to the same User.","Als een best practice , niet dezelfde set van toestemming regel op verschillende rollen toekennen. In plaats daarvan , stelt meerdere rollen aan dezelfde gebruiker ."
Ascending,Oplopend
Assign To,Toewijzen aan
Assigned By,Toegekend door
Assigned To,toegewezen aan
Assigned To Fullname,Toegewezen aan Fullname
Assigned To/Owner,Toegewezen aan / Eigenaar
Assignment Added,opdracht Toegevoegd
Assignment Status Changed,Opdracht Status Veranderd
Assignments,opdrachten
Attach,Hechten
Attach Document Print,Bevestig Document Print
Attach as web link,Bevestig als weblink
Attached To DocType,Bijlage Aan DocType
Attached To Name,Gehecht Aan Naam
Attachments,Toebehoren
Auto Email Id,Auto E-mail Identiteitskaart
Auto Name,Auto Naam
Auto generated,Gegenereerd Auto
Avatar,Avatar
Back to Login,Terug naar Inloggen
Background Color,Achtergrondkleur
Background Image,Achtergrondafbeelding
Background Style,Achtergrondstijl
Banner,Banner
Banner HTML,Banner HTML
Banner Image,Banner Afbeelding
Banner is above the Top Menu Bar.,Banner is boven de top menubalk.
Begin this page with a slideshow of images,Begin deze pagina met een diavoorstelling van foto&#39;s
Beginning with,Begint met
Belongs to,Behoort tot
Bio,Bio
Birth Date,Geboortedatum
Blog Category,Blog Categorie
Blog Intro,Blog Intro
Blog Introduction,Blog Inleiding
Blog Post,Blog Post
Blog Settings,Blog Instellingen
Blog Title,Blog Titel
Blogger,Blogger
Bookmarks,Bladwijzers
Both login and password required,Zowel de login en wachtwoord vereist
Brand HTML,Merk HTML
Bulk Email,Bulk Email
Bulk email limit {0} crossed,Bulk e-mail limiet {0} overschreden
Button,Knop
By,Door
Calculate,Bereken
Calendar,Agenda
Cancel,Annuleren
Cancelled,Geannuleerd
"Cannot Edit {0} directly: To edit {0} properties, create / update {1}, {2} and {3}","Kan niet bewerken {0} direct : Om {0} eigenschappen te bewerken , aanmaken / bijwerken {1} , {2} en {3}"
Cannot Update: Incorrect / Expired Link.,Kan niet bijwerken : Onjuiste / verlopen Link .
Cannot Update: Incorrect Password,Kan niet bijwerken : Incorrect wachtwoord
Cannot add more than 50 comments,Kan niet meer dan 50 reacties toevoegen
Cannot cancel before submitting. See Transition {0},Opzeggen kan niet vóór de indiening .
Cannot change picture,Kan afbeelding niet wijzigen
Cannot change state of Cancelled Document. Transition row {0},Kan toestand van Cancelled Document niet veranderen .
Cannot change {0},Kan {0} niet veranderen 
Cannot delete or cancel because {0} {1} is linked with {2} {3},Kan niet verwijderen of annuleren omdat {0} {1} is gekoppeld aan {2} {3}
Cannot delete {0} as it has child nodes,Kan {0} niet verwijderen omdat het onderliggende nodes heeft
Cannot edit standard fields,Kan standaard velden niet bewerken
Cannot map because following condition fails: ,"Kan niet toewijzen, omdat volgende voorwaarde mislukt:"
Cannot open instance when its {0} is open,Kan niet openen als de {0} open is
Cannot open {0} when its instance is open,Kan niet openen {0} wanneer de instantie is geopend
Cannot print cancelled documents,Kan geannuleerde documenten niet afdrukken
Cannot remove permission for DocType: {0} and Name: {1},Kan toestemming niet verwijderen voor DocType : {0} en Naam : {1}
Cannot reply to a reply,Kan niet antwoorden op een antwoord
Cannot set Email Alert on Document Type {0},Kan geen e-mail instellen op Documentsoort {0}
Cannot set permission for DocType: {0} and Name: {1},Kan geen toestemming voor DocType : {0} en Naam : {1}
Categorize blog posts.,Categoriseren blog posts.
Category,Categorie
Category Name,Categorie Naam
Center,Centrum
"Certain documents, like an Invoice, should not be changed once final. The final state for such documents is called Submitted. You can restrict which roles can Submit.","Bepaalde documenten, zoals een Factuur, dienen niet te worden aangepast als ze een eindstadium hebben bereikt. Het eindstadium van deze documenten heet Ingediend. U kunt bepalen welke rollen kunnen Indienen."
"Change field properties (hide, readonly, permission etc.)","Wijzig veldeigenschappen (verberg, alleen-lezen, toestemming, etc. )"
Chat,Chat
Check,Controleren
Check / Uncheck roles assigned to the User. Click on the Role to find out what permissions that Role has.,Selecteer / Deselecteer rollen toegewezen aan de Gebruiker. Klik op de rol om te zien welke permissies die rol heeft.
Check this if you want to send emails as this id only (in case of restriction by your email provider).,Controleer dit als u wilt e-mails als enige deze id (in geval van beperking door uw e-mailprovider) te sturen.
Check this to make this the default letter head in all prints,Aanvinken om dit het standaard briefpapier te maken in alle afdrukken
Check which Documents are readable by a User,Aanvinken welke documenten leesbaar zijn voor een Gebruiker
Checked items shown on desktop,Aangevinkte items getoond op het bureaublad
Child Tables are shown as a Grid in other DocTypes.,Onderliggende tabellen worden weergegeven als een rooster in andere DocTypes.
City,City
Classic,Klassiek
Clear Cache,Cache wissen
Clear all roles,Wis alle rollen
Click on a link to get options,Klik op een link om opties te krijgen
Click on row to view / edit.,Klik op de rij / bewerken weer te geven.
Client,Klant
Client-side formats are now deprecated,Client-side formaten worden nu verouderd
Close,Sluiten
Close: {0},Sluiten: {0}
Closed,Gesloten
Code,Code
Collapse,ineenstorting
Column Break,Column Break
Comment,Commentaar
Comment By,Reactie door
Comment By Fullname,Reactie door Volledige naam
Comment Date,Reactie Datum
Comment Docname,Reactie Docname
Comment Doctype,Reactie Doctype
Comment Time,Reactie Tijd
Comments,Reacties
Communication,Communicatie
Communication Medium,Communicatie Medium
Company History,Bedrijf Geschiedenis
Company Introduction,Bedrijf Introductie
Complaint,Klacht
Complete By,Compleet op
Condition,Voorwaarde
Contact Us Settings,Neem contact met ons op Instellingen
"Contact options, like ""Sales Query, Support Query"" etc each on a new line or separated by commas.","Contact opties, zoals ""Sales Query, Support Query"" etc. Elk op een nieuwe regel of gescheiden door komma's."
Content,Inhoud
Content Hash,Content Hash
Content in markdown format that appears on the main side of your page,Inhoud in Markdown-formaat dat wordt weergegeven op de belangrijkste kant van uw pagina
Content web page.,Inhoud webpagina.
Controller,Controller
Copy,Kopiëren
Copyright,Copyright
Core,Kern
Could not connect to outgoing email server,Kan niet verbinden met uitgaande e-mailserver
Could not find {0},Kon {0} niet vinden
Count,Tellen
Country,Land
Create,Creëren
Create a new {0},Maak een nieuwe {0}
Created Custom Field {0} in {1},Aangepast veld {0} van {1} gemaakt
Created Customer Issue,Klant issue gemaakt
Created Opportunity,Opportunity gemaakt
Created Support Ticket,Support Ticket gemaakt
Creation / Modified By,Gemaakt / Gewijzigd door
Currency,Valuta
Current status,Actuele status
Custom CSS,Custom CSS
Custom Field,Aangepast veld
Custom Javascript,custom Javascript
Custom Reports,Aangepaste rapporten
Custom Script,Aangepaste Script
Custom?,Aangepast?
Customize,Aanpassen
Customize Form,Aanpassen Scherm
Customize Form Field,Aanpassen Scherm veld
"Customize Label, Print Hide, Default etc.","Aanpassen Label, Print verbergen, Standaard, enz."
Customized HTML Templates for printing transctions.,Aangepaste HTML-sjablonen voor het afdrukken van transacties.
Daily Event Digest is sent for Calendar Events where reminders are set.,Dagelijkse gebeurtenis Digest wordt gestuurd voor Agenda Events waar herinneringen worden ingesteld.
Danger,Gevaar
Data,Data
Data Import / Export Tool,Data Import / Export Tool
Data Import Tool,Data import Tool
Data missing in table,Data ontbreekt in tabel
Date,Datum
Date Change,Datum wijzigen
Date Changed,Datum Veranderd
Date Format,Datumnotatie
Date and Number Format,Datum en Nummer Formaat
Date must be in format: {0},Datum moet in formaat : {0}
Datetime,Datetime
Days in Advance,Dagen vooruit
Dear,Beste
Default,Standaard
Default Print Format,Standaard Print Format
Default Value,Standaardwaarde
Default is system timezone,Standaard is systeem-tijdzone
"Default: ""Contact Us""",Default: &quot;Contact&quot;
DefaultValue,Standaardwaarde
Defaults,Standaardwaarden
"Define read, write, admin permissions for a Website Page.","Definieer lezen, schrijven , admin rechten voor een webpagina ."
Define workflows for forms.,Definieer workflows voor schermen.
Delete,Verwijder
Delete Row,Rij verwijderen
Depends On,Hangt af van
Descending,Aflopend
Description,Beschrijving
Description and Status,Beschrijving en Status
"Description for listing page, in plain text, only a couple of lines. (max 140 characters)","Beschrijving van lijst pagina, in platte tekst, slechts een paar regels. (Max 140 tekens)"
Description for page header.,Beschrijving van pagina header.
Desktop,Desktop
Details,Details
Did not add,Niet toegevoegd
Did not cancel,Niet geannuleerd
Did not find {0} for {0} ({1}),Niet gevonden {0} voor {0} ( {1} )
Did not load,Niet geladen
Did not remove,Niet verwijderd
Did not save,Niet bewaard
"Different ""States"" this document can exist in. Like ""Open"", ""Pending Approval"" etc.","Verschillende ""stadia"" waar dit document uit kan bestaan, bijvoorbeeld ""Open"", ""In afwachting van goedkeuring"", enz."
Disable Customer Signup link in Login page,Uitschakelen Customer Inschrijven schakel in Login pagina
Disable Signup,Uitschakelen Inschrijven
Disabled,Invalide
Display,tonen
Display Settings,Toon Instellingen
Display in the sidebar of this Website Route node,Display in de zijbalk van deze website Route knooppunt
Do not allow user to change after set the first time,Sta niet toe dat de gebruiker na de eerste keer wijzigt
Doc Status,Doc Status
DocField,DocField
DocPerm,DocPerm
DocType,DocType
DocType Details,DocType Details
DocType can not be merged,DocType kan niet worden samengevoegd
DocType on which this Workflow is applicable.,DocType waarop deze Workflow van toepassing is.
DocType or Field,DocType of Field
Doclist JSON,Doclist JSON
Docname,DocName
Document,Document
Document Status transition from ,Document Status overgang van
Document Status transition from {0} to {1} is not allowed,Document Status overgang van {0} naar {1} is niet toegestaan
Document Type,Soort document
Document is only editable by users of role,Document is alleen bewerkbaar door gebruikers van de rol van
Documentation,Documentatie
Documents,Documenten
Download,Download
Download Backup,Download Backup
Download link for your backup will be emailed on the following email address:,Download link voor uw back-up wordt per e-mail op het volgende e-mailadres :
Drafts,Concepten
Drag to sort columns,Sleep om kolommen te sorteren
Due Date,Vervaldag
Duplicate name {0} {1},Dupliceer naam {0} {1}
Dynamic Link,Dynamische Link
ERPNext Demo,ERPNext Demo
Edit,Bewerken
Edit Permissions,Machtigingen bewerken
Editable,Bewerkbaar
Email,E-mail
Email Alert,E-mail Alert
Email Alert Recipient,E-mail Alert ontvanger
Email Alert Recipients,E-mail Alert Ontvangers
Email By Document Field,E-mail Door Document Field
Email Footer,E-mail voettekst
Email Host,E-mail Host
Email Id,E-mail ID
Email Login,E-mail Login
Email Password,E-mail Wachtwoord
Email Sent,E-mail verzonden
Email Settings,E-mail Instellingen
Email Signature,E-mail Handtekening
Email Use SSL,E-mail SSL gebruiken
Email address,e-mailadres
"Email addresses, separted by commas","E-mailadressen, gescheiden door komma's"
Email not verified with {1},E-mail niet geverifieerd met {1}
Email sent to {0},E-mail verzonden naar {0}
Email...,E-mail ...
Emails are muted,E-mails zijn gedempt
Embed image slideshows in website pages.,Diavoorstellingen in website pagina's opnemen.
Enable,in staat stellen
Enable Comments,Inschakelen Reacties
Enable Scheduled Jobs,Inschakelen Geplande Jobs
Enabled,Ingeschakeld
Ends on,Eindigt op
Enter Form Type,Voer Form Type
Enter Value,Waarde invoeren
Enter at least one permission row,Voer ten minste één machtiging rij in
"Enter default value fields (keys) and values. If you add multiple values for a field, the first one will be picked. These defaults are also used to set ""match"" permission rules. To see list of fields, go to <a href=""#Form/Customize Form/Customize Form"">Customize Form</a>.","Voer standaardwaarde velden (sleutels) en waarden. Als u meerdere waarden voor een veld, zal de eerste worden opgepakt. Deze standaardwaarden worden ook gebruikt om &quot;match&quot; toestemming regels. Om de lijst van de velden te zien, ga naar <a href=""#Form/Customize Form/Customize Form"">Formulier aanpassen</a> ."
"Enter keys to enable login via Facebook, Google, GitHub.","Voer sleutels in om toegang in te schakelen via Facebook, Google, GitHub."
Equals,is gelijk aan
Error,Fout
"Error generating PDF, attachment sent as HTML","Fout bij genereren PDF, attachment verzonden als HTML"
Error: Document has been modified after you have opened it,Fout: Document is gewijzigd nadat u het hebt geopend
Event,Evenement
Event Datetime,Evenement DatumTijd
Event Individuals,Event Personen
Event Role,Event Rol
Event Roles,Event Rollen
Event Type,Type gebeurtenis
Event User,Evenement Gebruiker
Event end must be after start,End geval moet na start
Events,evenementen
Events In Today's Calendar,Evenementen In Kalender Today&#39;s
Every Day,Elke Dag
Every Month,Elke maand
Every Week,Elke Week
Every Year,Elk jaar
Everyone,Iedereen
Example:,Voorbeeld:
Expand,uitbreiden
Export,Exporteren
Export not allowed. You need {0} role to export.,Exporteren niet toegestaan. Je hebt rol {0} nodig om te kunnen exporteren .
Exported,Geëxporteerde
"Expression, Optional","Uitdrukking, Optioneel"
Facebook,Facebook
Facebook Client ID,Facebook Client ID
Facebook Client Secret,Facebook Client Secret
Facebook Share,Facebook Share
Facebook User ID,Facebook User ID
Facebook Username,Facebook Gebruikersnaam
FavIcon,FavIcon
Female,Vrouwelijk
Field Description,Veld Omschrijving
Field Name,Veldnaam
Field Type,Veldtype
"Field that represents the Workflow State of the transaction (if field is not present, a new hidden Custom Field will be created)","Veld dat de workflow-status van de transactie vertegenwoordigt (indien veld niet aanwezig is, een nieuwe verborgen Aangepast veld wordt aangemaakt)"
Field {0} in row {1} cannot be hidden and mandatory without default,Veld {0} in rij {1} kan niet worden verborgen en verplichte zonder standaard
Field {0} is not selectable.,Veld {0} kan niet worden geselecteerd .
Field {0} of type {1} cannot be mandatory,Veld {0} van type {1} kan niet verplicht zijn
Fieldname,Veldnaam
Fieldname is required in row {0},Veldnaam is vereist in rij {0}
Fieldname not set for Custom Field,Veldnaam niet ingesteld op Aangepast veld
Fieldname which will be the DocType for this link field.,Veldnaam die de DocType voor deze link veld zal zijn.
Fieldname {0} appears multiple times in rows {1},Veldnaam {0} verschijnt meerdere keren in rijen {1}
"Fieldname {0} cannot contain letters, numbers or spaces","Veldnaam {0} kan niet letters, cijfers of spaties bevatten"
Fields,Velden
"Fields separated by comma (,) will be included in the<br /><b>Search By</b> list of Search dialog box","Velden gescheiden door komma (,) opgenomen in de <br /> <b>Zoeken op</b> lijst van dialoogvenster Zoeken"
Fieldtype cannot be changed from {0} to {1} in row {2},FieldType kan niet worden veranderd van {0} tot {1} in rij {2}
File,Bestand
File Data,Bestandsdata
File Name,Bestandsnaam
File Size,Bestandsgrootte
File URL,File-URL
File not attached,Bestand niet bijgevoegd
File size exceeded the maximum allowed size of {0} MB,Bestandsgrootte heeft de maximaal toegestane grootte van {0} MB overschreden 
Fill Screen,Scherm vullen
Filter,Filteren
Filter records based on User Permissions defined for a user,Records filteren op basis van Gebruikersmachtigingen gedefinieerd voor een gebruiker
Filters,Filters
Find {0} in {1},Zoek {0} van {1}
First Name,Voornaam
Float,Zweven
Float Precision,Decimale precisie
Font (Heading),Font (rubriek)
Font (Text),Font (Tekst)
Font Size,Tekengrootte
Font Size (Text),Tekengrootte (Text)
Fonts,Fonts
Footer,Voettekst
Footer Background,Voettekst Achtergrond
Footer Items,Voettekst onderdelen
Footer Text,Voettekst
For DocType,voor DocType
"For Links, enter the DocType as rangeFor Select, enter list of Options separated by comma","Voor Links, voer de DocType als range  Voor Kiezen, voer lijst van opties, gescheiden door een komma"
"For comparative filters, start with","Voor vergelijkingsdoeleinden filters, te beginnen met"
For example if you cancel and amend 'INV004' it will become a new document 'INV004-1'. This helps you to keep track of each amendment.,Bijvoorbeeld als u wilt annuleren en wijzigen &#39;INV004&#39; het zal worden een nieuw document &#39;INV004-1&#39;. Dit helpt u bij te houden van elke wijziging.
For ranges,Voor bereiken
For top bar,Voor bovenste balk
For {0} at level {1} in {2} in row {3},Voor {0} op niveau {1} in {2} in rij {3}
Forgot Password,Wachtwoord vergeten
Forgot Password?,Wachtwoord vergeten ?
Form,vorm
Forum,Forum
Forums,Forums
Forward To Email Address,Forward naar emailadres
Frappe Framework,Frappe Framework
Friday,Vrijdag
From Date must be before To Date,Van datum moet voor-to-date
Full Name,Volledige naam
Gantt Chart,Gantt-diagram
Gender,Geslacht
Generator,generator
Georgia,Georgië
Get,Krijgen
Get From ,Get Van
"Get your globally recognized avatar from <a href=""https://gravatar.com/"">Gravatar.com</a>","Haal je wereldwijd erkende avatar van <a href=""https://gravatar.com/""> Gravatar.com </ a>"
GitHub,GitHub
GitHub Client ID,GitHub Client ID
GitHub Client Secret,GitHub Client Secret
Github User ID,GitHub gebruikers ID
Github Username,github Gebruikersnaam
Google,Google
Google Analytics ID,Google Analytics ID
Google Client ID,Google Client ID
Google Client Secret,Google Client Secret
Google Plus One,Google Plus One
Google User ID,Google gebruikers-ID
Google Web Font (Heading),Google Web Font (rubriek)
Google Web Font (Text),Google Web Font (Tekst)
Greater or equals,Groter of gelijk
Greater than,groter dan
"Group Added, refreshing...","Group Toegevoegd , verfrissend ..."
Group Description,groep Beschrijving
Group Name,groep Naam
Group Title,groep Titel
Group Type,groep Type
Groups,Groepen
HTML for header section. Optional,HTML voor header sectie . facultatief
Have an account? Login,Heb je al een account? login
Header,Hoofd
Heading,Titel
Heading Text As,Rubriek Tekst Zoals
Help,Help
Help on Search,Hulp bij zoeken
Helvetica Neue,Helvetica Neue
Hidden,Verborgen
Hide Actions,Verberg Acties
Hide Copy,Verberg Copy
Hide Heading,Verberg rubriek
Hide Toolbar,Werkbalk verbergen
Hide the sidebar,Verberg de zijbalk
High,Hoog
Highlight,Markeer
History,Geschiedenis
Home Page,Home Page
Home Page is Products,Startpagina is Producten
ID (name) of the entity whose property is to be set,ID (naam) van de entiteit waarvan de eigenschap moet worden ingesteld
Icon,Pictogram
Icon will appear on the button,Pictogram verschijnt op de knop
"If a Role does not have access at Level 0, then higher levels are meaningless.","Als een Role geen toegang heeft op niveau 0 , dan is de hogere niveaus zijn zinloos ."
"If checked, all other workflows become inactive.","Indien aangevinkt, alle andere werkstromen worden inactief."
"If checked, the Home page will be the default Item Group for the website.","Indien aangevinkt, zal de Home pagina zijn de standaard Item Groep voor de website."
"If image is selected, color will be ignored (attach first)","Als beeld is geselecteerd, wordt kleur worden genegeerd (voeg als eerste)"
If non standard port (e.g. 587),Als niet-standaard poort (bijv. 587)
"If these instructions where not helpful, please add in your suggestions on GitHub Issues.","Als deze aanwijzingen waar niet behulpzaam , gelieve toe te voegen in uw suggesties op GitHub Issues ."
"If you set this, this Item will come in a drop-down under the selected parent.","Als u dit instelt , zal deze post in een drop -down onder de gekozen basismotor ."
Ignore User Permissions,Negeer Gebruikersmachtigingen
"Ignoring Item {0}, because a group exists with the same name!","Post negeren {0} , omdat een groep bestaat met dezelfde naam !"
Image,Beeld
Image Link,Afbeelding Link
Import,Importeren
Import / Export Data,Import / Export van gegevens
Import / Export Data from .csv files.,Import / Export gegevens uit . Csv-bestanden .
In,in
In Dialog,In Dialog
In Filter,In Filter
In List View,In lijstweergave
In Report Filter,In Report Filter
In points. Default is 9.,In punten. Standaard is 9.
In response to,In reactie op
Incorrect value in row {0}: {1} must be {2} {3},Onjuiste waarde in rij {0} : {1} moet {2} {3}
Incorrect value: {0} must be {1} {2},Onjuiste waarde: {0} {1} {2}
Index,Index
Individuals,Personen
Info,Info
Insert After,Invoegen na
"Insert After field '{0}' mentioned in Custom Field '{1}', does not exist","Invoegen na veld ' {0} ' in gebruikersveld genoemde ' {1} ' , bestaat niet"
Insert Below,Hieronder invoegen
Insert Code,Plaats Code
Insert Row,Rij invoegen
Insert Style,Plaats Style
Install Applications.,Installeer Toepassingen .
Installed,geïnstalleerd
Installer,Installer
Int,Int
Integrations,Integraties
Introduce your company to the website visitor.,Introduceer uw bedrijf op de website bezoeker.
Introduction,Introductie
Introductory information for the Contact Us Page,Inleidende informatie voor het Contactformulier
Invalid Email: {0},Ongeldig E-mail : {0}
Invalid Filter: {0},Ongeldige Filter : {0}
Invalid Home Page,Ongeldige Startpagina
Invalid Login,Verkeerde login
Invalid Outgoing Mail Server or Port,Ongeldige Server uitgaande post of Port
Invalid login or password,Ongeldige login of wachtwoord
Invalid recipient address,Ongeldige ontvanger adres
Inverse,Omgekeerde
Is Active,Is actief
Is Child Table,Is het kind Tabel
Is Default,Is Standaard
Is Event,is Event
Is Mandatory Field,Is Verplicht veld
Is Single,Is Single
Is Standard,Is Standaard
Is Submittable,Is Submittable
Is Task,is Taak
Item cannot be added to its own descendents,Product kan niet worden toegevoegd aan zijn eigen nakomelingen
JavaScript Format: frappe.query_reports['REPORTNAME'] = {},JavaScript Formaat : frappe.query_reports [ ' ReportName ' ] = { }
Javascript,Javascript
Javascript to append to the head section of the page.,Javascript toe te voegen aan de head sectie van de pagina.
Key,Sleutel
Label,Label
Label Help,Label Help
Label and Type,Label en Type
Label is mandatory,Label is verplicht
Landing Page,Landing Page
Language,Taal
Language preference for user interface (only if available).,Taal voorkeur voor user interface (alleen indien beschikbaar).
"Language, Date and Time settings","Taal , datum en tijd instellingen"
Last IP,Laatste IP-
Last Login,Laatst ingelogd
Last Name,Achternaam
Last updated by,Laatst gewijzigd door
Lastmod,lastmod
Lato,Lato
Leave blank to repeat always,Laat leeg om altijd te herhalen
Left,Links
Less or equals,Minder of gelijk
Less than,Minder dan
Letter,Brief
Letter Head,Brief Hoofd
Letter Head Name,Brief Hoofd Naam
Letter Head in HTML,Brief Hoofd in HTML
Level,Niveau
"Level 0 is for document level permissions, higher levels for field level permissions.","Niveau 0 is voor document niveau machtigingen, hogere niveaus voor veldniveau machtigingen."
Like,zoals
Link,Link
"Link that is the website home page. Standard Links (index, login, products, blog, about, contact)","Link dat is de homepagina van de site . Standaard Links (index , inloggen, producten , blog , over , contact)"
Link to other pages in the side bar and next section,Link naar andere pagina&#39;s in de zijbalk en de volgende sectie
Link to the page you want to open,Link naar de pagina die u wilt openen
Linked In Share,Linked In delen
Linked With,Linked Met
List,Lijst
List a document type,Lijst een documenttype
List of Web Site Forum's Posts.,Lijst van Web Site Forum posts .
Loading,Laden
Loading Report,Laden Rapport
Loading...,Laden ...
Localization,Lokalisatie
Location,Lokatie
Log of error on automated events (scheduler).,Log van fout op geautomatiseerde evenementen ( scheduler ) .
Login,Login
Login After,Login Na
Login Before,Login Voor
Login Id,Login Id
Login not allowed at this time,Inloggen niet toegestaan ​​op dit moment
Logout,Afmelden
Long Text,Lange tekst
Low,Laag
Lucida Grande,Lucida Grande
Mail Password,Mail Wachtwoord
Main Section,Hoofd Sectie
Make a new,Maak een nieuw
Make a new record,Maak een nieuw record
Male,Mannelijk
Manage cloud backups on Dropbox,Beheer cloud back-ups op Dropbox
Manage uploaded files.,Geüploade bestanden .
Mandatory,Verplicht
Mandatory fields required in {0},Verplichte velden zijn verplicht in {0}
Mandatory filters required:\n,Verplichte filters nodig : \ n
Master,Meester
Max Attachments,Max Bijlagen
Max width for type Currency is 100px in row {0},Max. breedte voor het type Valuta is 100px in rij {0}
"Meaning of Submit, Cancel, Amend","Betekenis van Indienen, Annuleren, wijzigen"
Medium,Medium
"Menu items in the Top Bar. For setting the color of the Top Bar, go to <a href=""#Form/Style Settings"">Style Settings</a>","Menu-items in de Top Bar. Voor het instellen van de kleur van de Top Bar, ga naar <a href=""#Form/Style Settings"">Style Settings</a>"
Merging is only possible between Group-to-Group or Leaf Node-to-Leaf Node,Samenvoegen is alleen mogelijk tussen de groep-to - groep of Leaf Node - to- Leaf Node
Message,Bericht
Message Examples,Bericht Voorbeelden
Messages,Berichten
Method,Methode
Middle Name (Optional),Midden Naam (Optioneel)
Misc,Misc
Miscellaneous,Divers
Missing Values Required,Ontbrekende Vereiste waarden
Modern,Modern
Modified by,Aangepast door
Module,Module
Module Def,Module Def
Module Name,Modulenaam
Module Not Found,Module niet gevonden
Modules Setup,modules Setup
Monday,Maandag
More,Meer
More content for the bottom of the page.,Meer inhoud voor de onderkant van de pagina.
Move Down: {0},Omlaag : {0}
Move Up: {0},Omhoog : {0}
Multiple root nodes not allowed.,Meerdere wortel nodes niet toegestaan ​​.
Must have report permission to access this report.,Moet verslag toestemming om toegang tot dit rapport.
Must specify a Query to run,Moet een query opgeven om te draaien
My Settings,Mijn instellingen
Name,Naam
Name Case,Naam Case
Name and Description,Naam en beschrijving
Name is required,Naam is vereist
Name not permitted,Naam niet toegestaan
Name not set via Prompt,Naam niet ingesteld via Prompt
Name of the Document Type (DocType) you want this field to be linked to. e.g. Customer,Naam van het type document (DocType) u wilt dit gebied moeten worden gekoppeld. bijvoorbeeld Customer
Name of {0} cannot be {1},Naam van {0} kan niet worden {1}
Naming,Naming
Naming Series mandatory,Naamgeving Series verplicht
Nested set error. Please contact the Administrator.,Geneste set fout. Neem contact op met de beheerder .
New,Nieuw
New Password,Nieuw wachtwoord
New Record,Nieuwe record
New comment on {0} {1},Nieuwe opmerking over {0} {1}
New password emailed,Nieuwe wachtwoord wordt verstuurd
New value to be set,Nieuwe waarde in te stellen
New {0},Nieuwe {0}
Next Communcation On,Volgende communicatieboekjes Op
Next Record,Volgende record
Next State,Volgende State
Next actions,Volgende acties
No,Geen
No Action,Geen actie
No Communication tagged with this ,Geen Communicatie getagd met deze
No Copy,Geen Copy
No Permissions set for this criteria.,Geen Permissies ingesteld voor deze criteria.
No Report Loaded. Please use query-report/[Report Name] to run a report.,Geen rapport Loaded. Gelieve gebruik AND-rapport / [Report naam] om een ​​rapport uit te voeren.
No Results,geen resultaten
No Sidebar,geen zijbalk
No User Permissions found.,Geen Gebruikersmachtigingen gevonden .
No data found,Geen gegevens gevonden
No file attached,Geen bestand bijgevoegd
No further records,Geen verdere gegevens
No one,Niemand
No permission to '{0}' {1},Geen toestemming om ' {0} ' {1}
No permission to edit,Geen toestemming te bewerken
No permission to write / remove.,Geen toestemming om te schrijven / te verwijderen.
No records tagged.,Geen records gelabeld.
No template found at path: {0},Geen sjabloon gevonden op pad: {0}
No {0} permission,Geen {0} toestemming
None,Niemand
None: End of Workflow,Geen: Einde van de Workflow
Not Found,Niet gevonden
Not Linked to any record.,Niet gekoppeld aan een record.
Not Permitted,Niet Toegestane
Not Submitted,niet ingediend
Not a user yet? Sign up,Nog geen gebruiker? Registreren
Not a valid Comma Separated Value (CSV File),Geen geldige Comma Separated Value ( CSV ​​)
Not allowed,niet toegestaan
Not allowed from this IP Address,Niet toegestaan ​​vanaf dit IP -adres
Not allowed to Import,Niet toegestaan ​​om te importeren
Not allowed to access {0} with {1} = {2},Niet toegestaan ​​om toegang {0} met {1} = {2}
Not allowed to change {0} after submission,Niet toegestaan ​​na voorlegging aan veranderen {0}
Not allowed to move,Niet toegestaan ​​om te bewegen
Not allowed to reset the password of {0},Niet toegestaan ​​om het wachtwoord van {0} resetten
Not enough permission to see links.,Niet genoeg rechten om links te zien.
Not equals,niet gelijken
Not found,niet gevonden
Not in Developer Mode! Set in site_config.json,Niet in Developer Mode! Set in site_config.json
Not permitted,niet toegestaan
"Note: For best results, images must be of the same size and width must be greater than height.","Opmerking: Voor de beste resultaten, moet beelden zijn van dezelfde grootte en breedte moet groter zijn dan de hoogte te zijn."
Note: Other permission rules may also apply,Opmerking: Andere toestemming regels kunnen ook van toepassing zijn
Note: maximum attachment size = 1mb,Let op: maximale grootte van bijlagen = 1mb
Nothing to show,Niets aan te geven
Nothing to show for this selection,Niets te tonen voor deze selectie
Notification Count,kennisgeving Graaf
Notify by Email,Inform.per mail
Number Format,Getalnotatie
Old Parent,Oude Parent
On,Op
"Once you have set this, the users will only be able access documents (eg. Blog Post) where the link exists (eg. Blogger).","Zodra je dit hebt ingesteld, wordt de gebruikers uitsluitend toegang tot documenten ( bijv. blog post ) waar de link bestaat ( bijv. Blogger ) ."
Only Administrator allowed to create Query / Script Reports,Alleen Beheerder toegestaan ​​om Query / Script Rapporten maken
Only Administrator can save a standard report. Please rename and save.,Alleen Beheerder kan een standaard rapport op te slaan. Wijzig de naam en sla.
Only Allow Edit For,Alleen toestaan ​​Bewerken Voor
Only allowed {0} rows in one import,Alleen toegestaan ​​{0} rijen in een import
Oops! Something went wrong,Oops! Er ging iets mis!
Open,Open
Open Count,Open Telling
Open Sans,Open Sans
Open Source Web Applications for the Web,Open Source webapplicaties voor het web
Open a module or tool,Open een module of gereedschap
Open {0},Open {0}
Optional: Alert will only be sent if value is a valid email id.,Optioneel: Alert wordt alleen verstuurd als de waarde is een geldig e-id.
Optional: Always send to these ids. Each email id on a new row,Optioneel: Altijd verzenden naar deze ids. Elk e-id op een nieuwe rij
Optional: The alert will be sent if this expression is true,Optioneel: De waarschuwing zal worden verzonden als deze expressie waar is
Options,Opties
Options 'Dynamic Link' type of field must point to another Link Field with options as 'DocType',Opties 'Dynamic Link' type veld moet verwijzen naar een andere Linkeveld met opties als 'DocType'
Options Help,Opties Help
Options for select. Each option on a new line. e.g.: <br>Option 1<br>Option 2<br>Option 3<br>,Opties voor select. Elke optie op een nieuwe regel. bv: <br> Optie 1 <br> Optie 2 <br> Optie 3 <br>
Options must be a valid DocType for field {0} in row {1},Opties zijn een geldig DocType voor in het veld {0} in rij {1} zijn
Options not set for link field {0},Opties niet instellen voor link veld {0}
Options requried for Link or Table type field {0} in row {1},Opties requried voor Link of Tafel veld {0} in rij {1}
Org History,org Geschiedenis
Org History Heading,Org Geschiedenis rubriek
Original Message,Oorspronkelijk bericht
Other,Ander
Outgoing Email Settings,Uitgaande E-mailinstellingen
Outgoing Mail Server,Server uitgaande post
Outgoing Mail Server not specified,Server uitgaande post niet gespecificeerd
Owner,eigenaar
PDF Page Size,PDF-paginaformaat
PDF Settings,PDF-instellingen
POP3 Mail Server (e.g. pop.gmail.com),POP3-e-mailserver (bv pop.gmail.com)
Page,Pagina
Page #{0} of {1},Pagina # {0} van {1}
Page Background,Pagina-achtergrond
Page HTML,Pagina HTML
Page Header,Koptekst
Page Header Background,Koptekst Achtergrond
Page Header Text,Pagina Koptekst
Page Links,Pagina Links
Page Name,Page Name
Page Role,Pagina Rol
Page Text,Pagina tekst
Page Title,page Title
Page content,Inhoud van de pagina
Page not found,Pagina niet gevonden
Page or Generator,Pagina of Generator
Page url name (auto-generated),Pagina URL-naam ( automatisch gegenereerd )
Parent Label,Parent Label
Parent Post,ouder bericht
Parent Website Page,Ouder Website Pagina
Parent Website Route,Ouder Website Route
Parent Website Sitemap,Ouder Website Sitemap
Participants,Deelnemers
Password,Wachtwoord
Password Updated,wachtwoord update
Password reset instructions have been sent to your email,Wachtwoord reset instructies zijn om uw e-mail verzonden
Patch,Stuk
Patch Log,Patch Inloggen
Percent,Percentage
Perm Level,Perm Level
Permanently Cancel {0}?,Permanent Annuleren {0} ?
Permanently Submit {0}?,Permanent Submit {0} ?
Permanently delete {0}?,Permanent verwijderen {0} ?
Permission Level,Machtigingsniveau
Permission Levels,Toestemming Niveaus
Permission Rules,Toestemming Regels
Permission already set,Toestemming al ingesteld
Permissions,Rechten
Permissions Settings,Rechten Instellingen
Permissions are automatically translated to Standard Reports and Searches.,Machtigingen worden automatisch vertaald naar Standard Verslagen en zoekopdrachten .
"Permissions are set on Roles and Document Types (called DocTypes) by setting rights like Read, Write, Create, Delete, Submit, Cancel, Amend, Report, Import, Export, Print, Email and Set User Permissions.","Machtigingen zijn ingesteld op Rollen en documenttypen (de zogenaamde DocTypes ) door het instellen van rechten zoals Lezen , schrijven , maken, verwijderen , Submit , annuleren , wijzigen , Rapport , Import , Export, afdrukken , e-mail en Set User Permissions ."
Permissions at higher levels are 'Field Level' permissions. All Fields have a 'Permission Level' set against them and the rules defined at that permissions apply to the field. This is useful in case you want to hide or make certain field read-only for certain Roles.,Machtigingen op hogere niveaus zijn permissies 'Veld Level ' .
"Permissions at level 0 are 'Document Level' permissions, i.e. they are primary for access to the document.","Rechten op niveau 0 zijn &#39;Document Level&#39; permissies, dat wil zeggen zij zijn primair voor toegang tot het document."
Permissions get applied on Users based on what Roles they are assigned.,Permissies krijgen toegepast op gebruikers op basis van wat Rollen ze zijn toegewezen.
Permitted Documents For User,Toegestane documenten Voor Gebruiker
Person,Persoon
Personal Info,persoonlijke informatie
Phone,Telefoon
Phone No.,Telefoonnummer
Pick Columns,Kies Kolommen
Picture URL,picture URL
Pincode,Pincode
Please attach a file first.,Gelieve een bestand eerst.
Please attach a file or set a URL,Gelieve een bestand of stel een URL
Please do not change the rows above {0},Gelieve niet de rijen veranderen bovenstaande {0}
Please enable pop-ups,Schakel pop - ups
Please enter Event's Date and Time!,Vul Event Datum en tijd !
Please enter both your email and message so that we \				can get back to you. Thanks!,"Vul zowel uw e-mail en bericht, zodat we \ terug naar je kunt krijgen. Danke!"
Please enter some text!,U dient een tekst !
Please enter title!,Vul de titel!
Please login to Upvote!,Log in om Upvote !
Please make sure that there are no empty columns in the file.,Zorg ervoor dat er geen lege kolommen in het bestand.
Please refresh to get the latest document.,Vernieuw om de nieuwste document te krijgen.
Please reply above this line or remove it if you are replying below it,Gelieve te antwoorden boven deze lijn of verwijderen als je reageert eronder
Please select a file or url,Selecteer een bestand of url
Please select atleast 1 column from {0} to sort,Selecteer minstens 1 kolom {0} te sorteren
Please set {0} first,Stel {0} eerste
Please specify,Gelieve te specificeren
Please specify 'Auto Email Id' in Setup > Outgoing Email Settings,Vul Setup opgeven 'Auto Email Id ' > Uitgaande e-mailinstellingen
Please specify Event date and time,Specificeer de datum en tijd Event
Please specify doctype,Specificeer doctype
Please specify user,Specificeer gebruiker
Please specify which date field must be checked,Geef aan welke datum veld moet worden gecontroleerd
Please specify which value field must be checked,Geef aan welke waarde veld moet worden gecontroleerd
Please upload using the same template as download.,Upload met behulp van dezelfde sjabloon als download.
Plugin,plugin
Port,haven
Post,post
Post Publicly,Plaats Publiekelijk
Post Topic,Bericht Onderwerp
Post already exists. Cannot add again!,Bericht bestaat reeds. Kan niet opnieuw toe te voegen !
Post does not exist. Please add post!,Bericht bestaat niet . Voeg bericht !
Post to user,Inlenende
Posts,Berichten
Previous Record,Vorige Record
Primary,Primair
Print,afdrukken
Print Format,Print Formaat
Print Format Help,Print Format Help
Print Format Type,Print Type Format
Print Format {0} does not exist,Print Formaat {0} bestaat niet
Print Format {0} is disabled,Print Formaat {0} is uitgeschakeld
Print Hide,Print Verberg
Print Settings,Afdrukinstellingen
Print Style,Print Stijl
Print Style Preview,Print Style Voorbeeld
Print Width,Printbreedte
"Print with Letterhead, unless unchecked in a particular Document","Afdrukken met briefhoofd, tenzij ongecontroleerd in een bepaald document"
Print...,Print ...
Printing and Branding,Printen en Branding
Priority,Prioriteit
Private,Prive-
Properties,Eigenschappen
Property,Eigendom
Property Setter,Onroerend goed Setter
Property Type,Type Woning
Public,Publiek
Published,Gepubliceerd
Published On,Gepubliceerd op
Published on website at: {0},Gepubliceerd op de website op: {0}
Pull Emails from the Inbox and attach them as Communication records (for known contacts).,Trek E-mails van het Postvak IN en bevestig ze als communicatie-records (voor bekende contacten).
Query,Vraag
Query Options,Query-opties
Query Report,Query Rapport
Query must be a SELECT,Query moet een SELECT te zijn
Quick Help for Setting Permissions,Snelle hulp voor het instellen van permissies
Quick Help for User Permissions,Snelle hulp voor de gebruiker Permissions
Re-open,Heropenen
Read,Lezen
Read Only,Alleen lezen
Received,ontvangen
Recipient,Recipiënt
Recipients,Ontvangers
Record does not exist,Record bestaat niet
Ref DocType,Ref DocType
Ref Name,Ref Naam
Ref Type,Ref Type
Reference,Verwijzing
Reference DocName,Referentie DocName
Reference DocType,Referentie DocType
Reference Name,Referentie Naam
Reference Type,Referentie Type
Refresh,Verversen
Refreshing...,Verfrissend ...
Registered but disabled.,Geregistreerd maar uitgeschakeld.
Registration Details Emailed.,Registratie gegevens gemaild.
Reload Page,Reload Pagina
Remove Bookmark,Bladwijzer verwijderen
Remove all customizations?,Verwijder alle aanpassingen?
Rename many items by uploading a .csv file.,Hernoemen veel items door het uploaden van een . Csv-bestand .
Rename...,Hernoemen ...
Repeat On,Herhaal On
Repeat Till,Herhaal Till
Repeat this Event,Herhaal dit evenement
Replies,Reacties
Report,Verslag
Report Builder,Report Builder
Report Builder reports are managed directly by the report builder. Nothing to do.,Report Builder rapporten worden rechtstreeks beheerd door de Report Builder. Niets te doen.
Report Hide,Meld Hide
Report Name,Rapportnaam
Report Type,Meld Type
Report an Issue,Een probleem rapporteren?
Report cannot be set for Single types,Rapport kan niet worden ingesteld voor Single types
Report this issue,Meld deze kwestie
Report was not saved (there were errors),Rapport werd niet opgeslagen (er waren fouten)
Reqd,Reqd
Reset Password Key,Reset Password Key
Reset Permissions for {0}?,Reset Machtigingen voor {0} ?
Response,Antwoord
Restrict IP,Beperken IP
Restrict user from this IP address only. Multiple IP addresses can be added by separating with commas. Also accepts partial IP addresses like (111.111.111),"Beperk de gebruiker van dit IP-adres alleen. Meerdere IP-adressen kunnen worden toegevoegd door het scheiden van met komma&#39;s. Ook aanvaardt gedeeltelijke IP-adres, zoals (111.111.111)"
Right,Rechts
Role,Rol
Role Name,Rolnaam
Role Permissions Manager,Rol Permissions Manager
Role and Level,Rol en Niveau
Role exists,rol bestaat
Roles,Rollen
Roles Assigned,Toegewezen Rollen
Roles Assigned To User,Rollen Toegewezen aan gebruiker
Roles HTML,Rollen HTML
Roles can be set for users from their User page.,Rollen kunnen worden ingesteld voor gebruikers van hun gebruikers pagina .
Root {0} cannot be deleted,Root {0} kan niet worden verwijderd
Row,Rij
Row #{0}:,Rij # {0}:
Rules defining transition of state in the workflow.,Regels met betrekking tot de overgang van de staat in de workflow.
"Rules for how states are transitions, like next state and which role is allowed to change state etc.","Regels voor de manier waarop staten zijn overgangen, zoals naast staat en welke rol mag de staat, enz. te veranderen"
Run scheduled jobs only if checked,Run geplande taken alleen als gecontroleerd
Run the report first,Voert u het rapport eerst
SMTP Server (e.g. smtp.gmail.com),SMTP-server (bijvoorbeeld smtp.gmail.com)
Sales,Verkoop
Same file has already been attached to the record,Hetzelfde bestand al is verbonden aan het record
Sample,Voorbeeld
Saturday,Zaterdag
Save,bewaren
Scheduler Log,Scheduler Inloggen
Script,Script
Script Report,Script Report
Script Type,Script Type
Search,Zoek
Search Fields,Zoek Velden
Search in a document type,Zoek in een documenttype
Search or type a command,Zoek of typ een opdracht
Section Break,Sectie-einde
Security,veiligheid
Security Settings,Beveiligingsinstellingen
Select,Kiezen
Select All,Alles selecteren
Select Attachments,Selecteer Bijlagen
Select Document Type,Selecteer de documenttypen die
Select Document Type or Role to start.,Selecteer Soort document of rol om te beginnen.
Select Print Format,Selecteer Print Format
Select Report Name,Selecteer Rapportnaam
Select Role,Selecteer Rol
Select To Download:,Selecteer Naar Download:
Select Type,Selecteer Type
Select User or DocType to start.,Selecteer Gebruiker of DocType te beginnen.
Select a Banner Image first.,Kies eerst een banner afbeelding.
Select an image of approx width 150px with a transparent background for best results.,Selecteer een afbeelding van ca. breedte 150px met een transparante achtergrond voor het beste resultaat.
Select dates to create a new ,Select dates to create a new 
"Select modules to be shown (based on permission). If hidden, they will be hidden for all users.","Selecteer modules te worden vermeld ( gebaseerd op toestemming) . Als verborgen , zullen ze worden verborgen voor alle gebruikers ."
Select or drag across time slots to create a new event.,Selecteer of sleep over tijdsloten om een ​​nieuwe gebeurtenis te maken.
"Select target = ""_blank"" to open in a new page.","Selecteer target = "" _blank "" te openen in een nieuwe pagina ."
Select the label after which you want to insert new field.,"Selecteer het label, waarna u nieuwe veld wilt invoegen."
Send,Verstuur
Send Alert On,Stuur Alert On
Send As Email,Verstuur als e-mail
Send Email,E-mail verzenden
Send Email Print Attachments as PDF (Recommended),Stuur E-mail Afdrukken Bijlagen als PDF (aanbevolen)
Send Me A Copy,Stuur mij een kopie
Send Password,Stuur wachtwoord
Send Print as PDF,Doorsturen Afdrukken als PDF
Send alert if date matches this field's value,Stuur waarschuwen als datum past de waarde van dit gebied
Send alert if this field's value changes,Stuur waarschuwen als er wijzigingen waarde van dit gebied
Send an email reminder in the morning,Stuur dan een e-mail reminder in de ochtend
Send download link of a recent backup to System Managers,Stuur download link van een recente back-up te System Managers
Send enquiries to this email address,Stuur uw vragen naar dit e-mailadres
Sender,Afzender
Sent,verzonden
Sent Mail,Verzonden berichten
Sent Quotation,Verzonden Offerte
Sent or Received,Verzonden of ontvangen
Series,serie
Series {0} already used in {1},Serie {0} al gebruikt in {1}
Server,Server
Server & Credentials,Server & Geloofsbrieven
Server Error: Please check your server logs or contact tech support.,Server Error : Controleer uw server logs of neem contact op technische ondersteuning .
Session Expired. Logging you out,Sessie verlopen. U wordt afgemeld
Session Expiry,Sessie Vervaldatum
Session Expiry in Hours e.g. 06:00,"Sessie Vervaldatum in uren, bijvoorbeeld 06:00"
Session Expiry must be in format {0},Sessie Vervaldatum moeten in formaat {0}
Set Banner from Image,Stel Banner uit Afbeelding
Set Link,Stel Link
Set Login and Password if authentication is required.,Aanmelding en wachtwoorden instellen als verificatie vereist is.
Set Only Once,Stel slechts eenmaal
Set Password,Wachtwoord instellen
Set Permissions on Document Types and Roles,Machtigingen op Document Types en rollen
Set Permissions per User,Machtigingen instellen per gebruiker
Set User Permissions,Set User Permissions
Set Value,Set Value
"Set default format, page size, print style etc.","Stel standaard formaat, paginaformaat, printen stijl, enz."
Set numbering series for transactions.,Stel nummering serie voor transacties.
Set outgoing mail server.,Stel uitgaande mailserver .
Settings,Instellingen
Settings for About Us Page.,Instellingen voor Over Ons pagina.
Settings for Contact Us Page.,Instellingen voor Contact Pagina.
Setup,Setup
Setup > User,Instellingen> Gebruiker
Setup > User Permissions Manager,Setup > Gebruikersmachtigingen Manager
Setup Email Alert based on various criteria.,Setup via e-mail op basis van verschillende criteria.
Setup of fonts and background.,Instellen van lettertypen en de achtergrond.
"Setup of top navigation bar, footer and logo.",Instellen van bovenste navigatiebalk voettekst en logo.
Short Bio,Korte Bio
Short Name,Korte Naam
Shortcut,Kortere weg
Show / Hide Modules,Weergeven / verbergen Modules
Show Print First,Eerste Show Print
Show Tags,Toon Tags
Show or hide modules globally.,Toon of modules wereldwijd verbergen.
Show rows with zero values,Toon rijen met nulwaarden
Show tags,Show-tags
Show this field as title,Toon dit gebied als titel
Showing only for (if not empty),Slechts het tonen van (indien niet leeg )
Sidebar,sidebar
Sidebar Items,sidebar items
Sidebar Links for Home Page only,Sidebar Links voor homepage alleen
Sign Up,Aanmelden
Sign in,Aanmelden
Sign up,Registreren
Single Post (article).,Los bericht (artikel).
Single Types have only one record no tables associated. Values are stored in tabSingles,Enkele soorten hebben slechts een record geen tafels verbonden . Waarden worden opgeslagen in tabSingles
Sitemap Browser,Sitemap Browser
Slideshow,Diashow
Slideshow Items,Diashow Items
Slideshow Name,Diashow Naam
Small Text,Kleine tekst
Social Login Keys,Social Login Keys
Solid background color (default light gray),Effen achtergrondkleur (standaard lichtgrijs)
Sorry we were unable to find what you were looking for.,Sorry we waren niet in staat om te vinden wat u zocht.
Sorry you are not permitted to view this page.,Sorry dat je niet toegestaan ​​om deze pagina te bekijken.
Sort By,Sorteer op
Sort Field,Sorteren Field
Sort Order,Sort Order
Standard,Standaard
Standard Print Format cannot be updated,Standard Print Format kan niet worden bijgewerkt
Standard Reply,Standaard reactie
Standard Reports,standaard rapporten
Standard replies to common queries.,Standaard antwoorden op gestelde vragen.
Start Report For,Start Rapport Voor
Starts on,Begint op
State,Staat
States,Staten
"States for workflow (e.g. Draft, Approved, Cancelled).","Staten voor workflow ( bijv. Draft , Goedgekeurd , Cancelled) ."
Static File Timestamp,Statische File Tijdstempel
Status,Staat
Step 1: Set the name and save.,Stap 1 : Stel de naam en sla .
Step 2: Set Letterhead content.,Stap 2 : Stel Briefhoofd inhoud .
Style,Stijl
Style Settings,Stijlinstellingen
"Style represents the button color: Success - Green, Danger - Red, Inverse - Black, Primary - Dark Blue, Info - Light Blue, Warning - Orange","Stijl staat voor de kleur van de knoppen: Succes - Groen, Gevaar - Rood, Inverse - Zwart, Lager - Dark Blue, Info - Light Blue, Waarschuwing - Oranje"
Sub-domain provided by erpnext.com,Subdomein door erpnext.com
Subdomain,Subdomein
Subject,Onderwerp
Submit,Voorleggen
Submit an Issue,Submit Een probleem
Submitted,Ingezonden
Submitted Document cannot be converted back to draft. Transition row {0},Ingezonden Document kan niet worden geconverteerd terug op te stellen .
Success,Succes
Suggestion,Suggestie
Sunday,Zondag
Switch to Website,Schakel over naar Website
Sync Inbox,Sync Inbox
System,Systeem
System Settings,Systeeminstellingen
System User,Systeemgebruiker
System and Website Users,Systeem en gebruikers van de website
System generated mails will be sent from this email id.,Systeem gegenereerde mails worden verstuurd vanaf deze e-id.
Table,Tafel
Table {0} cannot be empty,Table {0} mag niet leeg zijn
Tag,Label
Tag Name,Tag Naam
Tags,Tags
Tahoma,Tahoma
Target,Doel
Tasks,taken
Team Members,Teamleden
Team Members Heading,Teamleden rubriek
Template,Sjabloon
Template Pages cannot be moved,Sjabloon Pagina's kunnen niet worden verplaatst
Test,Test
Test Runner,Test Runner
Text,Tekst
Text Align,Tekst uitlijnen
Text Editor,Text Editor
Thank you for your message,Dank u voor uw bericht
The name of your company / website as you want to appear on browser title bar. All pages will have this as the prefix to the title.,De naam van uw bedrijf / website als u wilt weergeven op de browser titelbalk. Alle pagina&#39;s hebben dit als het voorvoegsel om de titel.
The system provides many pre-defined roles. You can add new roles to set finer permissions.,Het systeem biedt een groot aantal vooraf gedefinieerde rollen . U kunt nieuwe taken toevoegen aan fijnere machtigingen in te stellen .
Then By (optional),Vervolgens op (optioneel)
There should remain at least one System Manager,Er moet ten minste een System Manager blijven
There were errors,Er zijn fouten
There were errors while sending email. Please try again.,Er zijn fouten opgetreden tijdens het versturen van e-mail. Probeer het opnieuw .
"There were some errors setting the name, please contact the administrator","Er waren enkele fouten het instellen van de naam, kunt u contact opnemen met de beheerder"
"These permissions will apply for all transactions where the permitted record is linked. For example, if Company C is added to User Permissions of user X, user X will only be able to see transactions that has company C as a linked value.",Deze machtigingen zal gelden voor alle transacties waar de toegestane record is gekoppeld .
These values will be automatically updated in transactions and also will be useful to restrict permissions for this user on transactions containing these values.,Deze waarden worden automatisch bijgewerkt in transacties en zal ook nuttig zijn om machtigingen voor deze gebruiker op de transacties die deze waarden te beperken.
"These will also be set as default values for those links, if only one such permission record is defined.","Deze zullen ook worden ingesteld als standaardwaarden voor deze banden , als er maar een dergelijke toestemming record wordt gedefinieerd ."
Third Party Authentication,Third Party Authentication
This field will appear only if the fieldname defined here has value OR the rules are true (examples): <br>myfieldeval:doc.myfield=='My Value'<br>eval:doc.age>18,Dit veld verschijnt alleen als de veldnaam hier gedefinieerd heeft waarde of de regels waar zijn (voorbeelden): <br>  myfield  eval: doc.myfield == 'Mijn Waarde' <br>  eval: doc.age> 18
This goes above the slideshow.,Dit gaat boven de diavoorstelling.
This is PERMANENT action and you cannot undo. Continue?,Dit is PERMANENTE actie en u ongedaan kunt maken niet. Doorgaan?
"This is a standard format. To make changes, please copy it make make a new format.","Dit is een standaard formaat. Om wijzigingen aan te brengen, kopieer het te maken een nieuw formaat."
This is permanent action and you cannot undo. Continue?,Dit is een permanente actie en u ongedaan kunt maken niet. Doorgaan?
This must be checked if Style Settings are applicable,Dit moet worden gecontroleerd of Style -instellingen zijn van toepassing
This role update User Permissions for a user,Deze rol -update Gebruikers Permissies voor een gebruiker
Thursday,Donderdag
Tile,Dakpan
Time,Tijd
Time Zone,Time Zone
Timezone,Tijdzone
Title,Titel
Title / headline of your page,Titel / kop van uw pagina
Title Case,Titel Case
Title Field,Titel Field
Title Prefix,Titel Prefix
Title field must be a valid fieldname,Titel veld moet een geldige veldnaam zijn
Title is required,Titel nodig
To,Naar
To Do,te doen
"To format columns, give column labels in the query.","Om kolommen opmaken, geef kolom labels in de query."
"To give acess to a role for only specific records, check the 'Apply User Permissions'. User Permissions are used to limit users with such role to specific records.","Om acess geven aan een rol voor alleen specifieke records , controleer dan de 'Apply Gebruikersmachtigingen ' ."
"To run a test add the module name in the route after '{0}'. For example, {1}","Om een test voeg de module naam in de route na ' {0} ' . Bijvoorbeeld , {1}"
ToDo,ToDo
Too many writes in one request. Please send smaller requests,Te veel schrijft in een verzoek. Stuur kleinere aanvragen
Top Bar,Top Bar
Top Bar Background,Top Bar Achtergrond
Top Bar Item,Top Bar Item
Top Bar Items,Top Bar Artikelen
Top Bar Text,Top Bar Text
Top Bar text and background is same color. Please change.,Top Bar tekst en achtergrond is dezelfde kleur. Gelieve veranderen.
Transaction,Transactie
Transition Rules,Overgang Regels
Tuesday,Dinsdag
Tweet will be shared via your user account (if specified),Tweet zal worden gedeeld via jouw account (indien opgegeven)
Twitter Share,Twitter Share
Twitter Share via,Twitter Deel via
Type,Type
Unable to find attachment {0},Niet vinden gehechtheid {0}
Unable to load: {0},Niet in staat om belasting: {0}
Unable to open attached file. Please try again.,Kan bijgevoegde bestand te openen . Probeer het opnieuw .
Unable to send emails at this time,Niet in staat om e-mails op dit moment sturen
Unknown Column: {0},Onbekend Column : {0}
"Unknown file encoding. Tried utf-8, windows-1250, windows-1252.","Onbekend bestand codering . Probeerde UTF-8 , windows- 1250 , windows- 1252 ."
Unread Messages,Ongelezen berichten
Unsubscribe,Uitschrijven
Unsubscribed,Uitgeschreven
Upcoming Events for Today,Evenementen voor vandaag
Update,Bijwerken
Update Field,Veld bijwerken
Update Value,Werk Value
Updated,Bijgewerkt
Upload,uploaden
Upload Attachment,Upload Attachment
Upload CSV file containing all user permissions in the same format as Download.,Upload CSV bestand met alle gebruikersrechten in hetzelfde formaat als Download.
Upload a file,Een bestand uploaden
Upload and Import,Upload en importeren
Upload and Sync,Uploaden en Sync
Uploading...,Uploaden ...
Upvotes,upvotes
Use TLS,gebruik TLS
User,Gebruiker
User Cannot Create,Gebruiker kan niet maken
User Cannot Search,Gebruiker kan niet zoeken
User Defaults,Profiel Standaardwaarden
User ID of a blog writer.,Gebruikers-ID van een blog schrijver .
User Image,GEBR.AFB
User Permission,gebruiker Toestemming
User Permissions,Gebruikersmachtigingen
User Permissions Manager,Gebruikersmachtigingen Manager
User Roles,Gebruikersrollen
User Tags,Gebruiker-tags
User Type,Gebruikerstype
"User Type ""System User"" can access Desktop. ""Website User"" can only be logged into the website and portal pages. ","User Type ""System User"" can access Desktop. ""Website User"" can only be logged into the website and portal pages. "
User Vote,gebruiker Stem
User not allowed to delete {0}: {1},Gebruiker niet toegestaan om te verwijderen {0}: {1}
User permissions should not apply for this Link,Gebruikersrechten moet niet solliciteren naar deze Link
User {0} cannot be deleted,Gebruiker {0} kan niet worden verwijderd
User {0} cannot be disabled,Gebruiker {0} kan niet worden uitgeschakeld
User {0} cannot be renamed,Gebruiker {0} kan niet worden hernoemd
User {0} does not exist,Gebruiker {0} bestaat niet
UserRole,UserRole
Users and Permissions,Gebruikers en machtigingen
Users with role {0}:,Gebruikers met de rol van {0} :
Valid Login id required.,Geldige login vereist.
Valid email and name required,Geldig e-mail en naam vereist
Value,Waarde
Value Change,Wijzigen
Value Changed,Waarde Veranderd
Value cannot be changed for {0},Waarde kan niet worden gewijzigd voor {0}
Value for a check field can be either 0 or 1,Waarde voor een controle veld kan ofwel 0 of 1
Value missing for,Waarde ontbreekt
Verdana,Verdana
Version,Versie
Version restored,Versie hersteld
View or manage Website Route tree.,Bekijken of beheren Website Route boom.
Visit,Bezoeken
Warning,Waarschuwing
Warning: This Print Format is in old style and cannot be generated via the API.,Waarschuwing: Deze Druk Format is in oude stijl en niet kan worden gegenereerd via de API.
Web Page,Webpagina
Web Site Forum Page.,Website Forum pagina .
Website,Website
Website Group,website Groep
Website Route,website Sitemap
Website Route Permission,Website Route Toestemming
Website Script,Website Script
Website Settings,Website instellingen
Website Slideshow,Website Diashow
Website Slideshow Item,Website Diashow Item
Website User,Website Gebruiker
Wednesday,Woensdag
Welcome email sent,Welkom e-mail verzonden
"When you Amend a document after Cancel and save it, it will get a new number that is a version of the old number.","Wanneer u een document na Annuleren en sla het wijzigen , zal het een nieuw nummer dat is een versie van het oude nummer te krijgen ."
Width,Breedte
Will be used in url (usually first name).,Wordt gebruikt url (meestal voornaam).
With Groups,met Groepen
With Ledgers,met Grootboeken
With Letterhead,Met briefhoofd
Workflow,Workflow
Workflow Action,Workflow Actie
Workflow Action Name,Workflow Actie Naam
Workflow Document State,Workflow Document State
Workflow Document States,Workflow Document Staten
Workflow Name,Werkstroomnaam
Workflow State,Workflow State
Workflow State Field,Workflow State Field
Workflow Transition,Workflow Transition
Workflow Transitions,Workflow Overgangen
Workflow will start after saving.,Workflow begint na het opslaan.
Write,Schrijven
Write a Python file in the same folder where this is saved and return column and result.,Schrijf een Python bestand in dezelfde map waarin deze is opgeslagen en terugkeer kolom en resultaat.
Write a SELECT query. Note result is not paged (all data is sent in one go).,Schrijf een SELECT-query. Opmerking resultaat wordt niet opgeroepen (alle data wordt verzonden in een keer).
Write titles and introductions to your blog.,Schrijf titels en inleidingen op je blog.
Writers Introduction,Schrijvers Introductie
Year,Jaar
Yes,Ja
Yesterday,Gisteren
You are not allowed to create / edit reports,Niet toegestaan ​​om rapporten te maken of te bewerken
You are not allowed to export the data of: {0}. Downloading empty template.,Het is niet toegestaan ​​om de gegevens van {0} te exporteren. Er wordt een leeg sjabloon gedownload.
You are not allowed to export this report,U bent niet bevoegd om dit rapport te exporteren
You are not allowed to print this document,U bent niet gemachtigd om dit document af te drukken
You are not allowed to send emails related to this document,U bent niet bevoegd ​​om e-mails met betrekking tot dit document te versturen
"You can change Submitted documents by cancelling them and then, amending them.","U kunt Ingezonden documenten wijzigen door deze te annuleren en vervolgens , tot wijziging van hen."
You can use Customize Form to set levels on fields.,U kunt aanpassen formulier gebruiken om in te stellen op de velden .
You can use wildcard %,U kunt gebruik maken van wildcard%
You cannot install this app,U kunt deze app niet installeren
You have unsaved changes in this form. Please save before you continue.,Je hebt opgeslagen wijzigingen in deze vorm .
You need to be logged in and have System Manager Role to be able to access backups.,Je moet ingelogd zijn en hebben System Manager Rol om toegang tot back-ups.
You need write permission to rename,Je hebt toestemming nodig om te hernoemen schrijven
You seem to have written your name instead of your email. \					Please enter a valid email address so that we can get back.,"Je lijkt je naam te hebben geschreven in plaats van uw e-mail. \ Vul een geldig e-mailadres, zodat we terug kunnen krijgen."
"Your download is being built, this may take a few moments...","Uw download wordt opgezet, kan dit enige tijd duren ..."
[Label]:[Field Type]/[Options]:[Width],[Label]: [Veld Type] / [Opties]: [Breedte]
[Optional] Send the email X days in advance of the specified date. 0 equals same day.,[Optioneel] Stuur de e-mail X dagen voor de opgegeven datum. 0 gelijk dezelfde dag.
add your own CSS (careful!),voeg uw eigen CSS (careful!)
adjust,aanpassen
align-center,lijn-centrum
align-justify,uitlijning te rechtvaardigen
align-left,uitlijning links
align-right,lijn-recht
and,en
arrow-down,arrow-down
arrow-left,pijl-links
arrow-right,pijl-rechts
arrow-up,pijl-up
asterisk,sterretje
backward,achterwaarts
ban-circle,ban-cirkel
barcode,barcode
beginning with,beginnend met
bell,bel
bold,Vet
book,boek
bookmark,bladwijzer
briefcase,koffer
bullhorn,megafoon
calendar,kalender
camera,camera
certificate,certificaat
check,controleren
chevron-down,chevron-down
chevron-left,chevron-links
chevron-right,chevron-rechts
chevron-up,chevron-up
circle-arrow-down,circle-arrow-down
circle-arrow-left,cirkel-pijl-links
circle-arrow-right,cirkel-pijl-rechts
circle-arrow-up,cirkel-pijl-up
cog,tand
comment,commentaar
comments,reacties
dd-mm-yyyy,dd-mm-jjjj
dd.mm.yyyy,dd.mm.jjjj
dd/mm/yyyy,dd/mm/jjjj
download,downloaden
download-alt,download-alt
edit,redigeren
eject,uitwerpen
envelope,envelop
exclamation-sign,uitroepteken
eye-close,eye-close
eye-open,eye-opening
facetime-video,FaceTime-video
fast-backward,snel achteruit
fast-forward,snel vooruit
file,bestand
film,film
filter,filter
fire,brand
flag,vlag
folder-close,map-close
folder-open,map te openen
font,font
forward,vooruit
found,gevonden
fullscreen,volledig scherm
gift,gift
glass,glas
globe,wereldbol
hand-down,de hand-down
hand-left,hand-links
hand-right,hand-rechts
hand-up,hand-up
hdd,hdd
headphones,hoofdtelefoon
heart,hart
home,thuis
icon,icon
inbox,inbox
indent-left,streepje links
indent-right,streepje-rechts
info-sign,info-teken
is not allowed.,is niet toegestaan.
italic,cursief
leaf,blad
lft,lft
list,lijst
list-alt,list-alt
lock,slot
lowercase,kleine letters
magnet,magneet
map-marker,kaart-marker
memcached is not working / stopped. Please start memcached for best results.,memcached werkt niet / gestopt. Gelieve beginnen memcached voor de beste resultaten .
minus,minus
minus-sign,min-teken
mm-dd-yyyy,mm-dd-jjjj
mm/dd/yyyy,dd / mm / yyyy
move,bewegen
music,muziek
none of,geen van
off,uit
ok,OK
ok-circle,ok-cirkel
ok-sign,ok-teken
one of,een van
or,of
pause,pauze
pencil,potlood
picture,afbeelding
plane,vliegtuig
play,spelen
play-circle,play-cirkel
plus,plus
plus-sign,plus-teken
print,afdrukken
qrcode,qrcode
question-sign,vraag-teken
random,toeval
refresh,verversen
remove,verwijderen
remove-circle,remove-cirkel
remove-sign,remove-teken
repeat,herhalen
resize-full,resize-full
resize-horizontal,resize-horizontale
resize-small,resize-small
resize-vertical,resize-verticale
retweet,retweet
rgt,RGT
road,weg
screenshot,screenshot
search,zoeken
share,aandeel
share-alt,aandeel-alt
shopping-cart,shopping-cart
signal,signaal
star,ster
star-empty,star-leeg
step-backward,step-achteruit
step-forward,stap vooruit
stop,stoppen
tag,label
tags,-tags
"target = ""_blank""",target = &quot;_blank&quot;
tasks,taken
text-height,text-height
text-width,text breedte
th,e
th-large,th-large
th-list,th-lijst
thumbs-down,duim omlaag
thumbs-up,duim omhoog
time,tijd
tint,tint
to,naar
trash,prullenbak
upload,uploaden
use % as wildcard,Gebruik% als wildcard
user,gebruiker
user_image_show,user_image_show
values and dates,waarden en data
values separated by commas,waarden gescheiden door komma's
volume-down,volume-omlaag
volume-off,volume-uit
volume-up,volume-omhoog
warning-sign,waarschuwing-teken
wrench,moersleutel
yyyy-mm-dd,yyyy-mm-dd
zoom-in,inzoomen
zoom-out,uitzoomen
{0} List,{0} Lijst
{0} added,{0} toegevoegd
{0} by {1},{0} van {1}
{0} cannot be set for Single types,{0} kan niet worden ingesteld voor Single types
{0} does not exist in row {1},{0} bestaat niet in rij {1}
{0} in row {1} cannot have both URL and child items,{0} in rij {1} kan zowel URL en onderliggende items niet
{0} is not a valid email id,{0} is geen geldig e-id
{0} is required,{0} is verplicht
{0} is saved,{0} wordt opgeslagen
{0} must be one of {1},{0} moet een van {1} zijn
{0} must be set first,{0} moet eerst worden ingesteld
{0} not a valid State,{0} geen geldig Staat
{0} not allowed in fieldname {1},{0} niet toegestaan ​​in veldnaam {1}
{0} not allowed in name,{0} niet toegestaan ​​in naam
{0} not allowed to be renamed,{0} mag niet worden hernoemd
{0} updated,{0} bijgewerkt
{0} {1} already exists,{0} {1} bestaat al
"{0} {1} cannot be ""{2}"". It should be one of ""{3}""","{0} {1} kan niet worden ""{2}"". Het moet een van zijn ""{3}"""
{0} {1} cannot be a leaf node as it has children,{0} {1} kan een leaf node niet omdat het kinderen
"{0} {1} does not exist, select a new target to merge","{0} {1} bestaat niet , kies een nieuw doel om te fuseren"
{0} {1} not found,{0} {1} niet gevonden
{0} {1}: Submitted Record cannot be deleted.,{0} {1}: Toegevoegd record kan niet worden verwijderd.
{0}: Cannot set Amend without Cancel,{0} : Kan geen wijzigen zonder Annuleren
{0}: Cannot set Assign Amend if not Submittable,{0} : Kan geen toewijzen wijzigen indien niet Submittable
{0}: Cannot set Assign Submit if not Submittable,{0} : Kan geen toewijzen indienen indien niet Submittable
{0}: Cannot set Cancel without Submit,{0} : Kan geen Annuleren zonder Indienen
{0}: Cannot set Import without Create,{0} : Kan niet importeren ingesteld zonder Create
"{0}: Cannot set Submit, Cancel, Amend without Write","{0} : Kan geen Indienen , Annuleren , wijzigen zonder Write"
{0}: Cannot set import as {1} is not importable,{0} : Kan geen import als {1} is niet importeerbare
"{0}: Create, Submit, Cancel and Amend only valid at level 0","{0} : Create , Submit , annuleren en wijzigen alleen geldig op niveau 0"
{0}: No basic permissions set,{0} : Geen basis permissies set
"{0}: Only one rule allowed with the same Role, Level and Apply User Permissions","{0} : Slechts een regel toegestaan ​​met dezelfde rol, niveau, passen Gebruikersmachtigingen"
{0}: Permission at level 0 must be set before higher levels are set,{0} : Toestemming op niveau 0 moet worden ingesteld voordat hogere niveaus worden ingesteld
{app_title},{ app_title }
