 by Role , by Role 
 is not set, is not set
"""Company History""","""Company History"""
"""Team Members"" or ""Management""","""Team Members"" or ""Management"""
'In List View' not allowed for type {0} in row {1},'In List View' not allowed for type {0} in row {1}
"000 is black, fff is white","000 is black, fff is white"
2 days ago,2 days ago
"<a href=""https://en.wikipedia.org/wiki/Transport_Layer_Security"" target=""_blank"">[?]</a>","<a href=""https://en.wikipedia.org/wiki/Transport_Layer_Security"" target=""_blank"">[?]</a>"
"<a onclick=""msgprint('<ol>\<li><b>field:[fieldname]</b> - By Field\<li><b>naming_series:</b> - By Naming Series (field called naming_series must be present\<li><b>Prompt</b> - Prompt user for a name\<li><b>[series]</b> - Series by prefix (separated by a dot); for example PRE.#####\</ol>')"">Naming Options</a>","<a onclick=""msgprint('<ol>\<li><b>field:[fieldname]</b> - By Field\<li><b>naming_series:</b> - By Naming Series (field called naming_series must be present\<li><b>Prompt</b> - Prompt user for a name\<li><b>[series]</b> - Series by prefix (separated by a dot); for example PRE.#####\</ol>')"">Naming Options</a>"
A user can be permitted to multiple records of the same DocType.,A user can be permitted to multiple records of the same DocType.
About,Informacje
About Us Settings,About Us Settings
About Us Team Member,About Us Team Member
Action,Działanie
Actions,Działania
"Actions for workflow (e.g. Approve, Cancel).","Actions for workflow (e.g. Approve, Cancel)."
Add,Dodaj
Add A New Rule,Add A New Rule
Add A User Permission,Add A User Permission
Add Attachments,Add Attachments
Add Bookmark,Dodaj zakładkę
Add CSS,Dodaj arkusz CSS
Add Column,Dodaj kolumnę
Add Google Analytics ID: eg. UA-89XXX57-1. Please search help on Google Analytics for more information.,Dodaj Google Analytics ID: np. UA-89XXX57-1. Więcej informacji znajdziesz w pomocy Google Analytics. 
Add Message,Dodaj wiadomość
Add New Permission Rule,Add New Permission Rule
Add Reply,Dodaj Odpowiedź
Add Total Row,Add Total Row
Add a New Role,Add a New Role
Add a banner to the site. (small banners are usually good),Add a banner to the site. (small banners are usually good)
Add all roles,Add all roles
Add attachment,Add attachment
Add code as &lt;script&gt;,Add code as &lt;script&gt;
Add custom javascript to forms.,Add custom javascript to forms.
Add fields to forms.,Dodaj pola do formularza.
Add new row,Dodaj nowy wiersz
"Add the name of <a href=""http://google.com/webfonts"" target=""_blank"">Google Web Font</a> e.g. ""Open Sans""","Add the name of <a href=""http://google.com/webfonts"" target=""_blank"">Google Web Font</a> e.g. ""Open Sans"""
Add to To Do,Dodaj do listy To Do (Do Zrobienia)
Add to To Do List Of,Add to To Do List Of
Adding System Manager to this User as there must be atleast one System Manager,Adding System Manager to this User as there must be atleast one System Manager
Additional Info,Dodatkowe Informacje
Additional Permissions,Additional Permissions
Address,Adres
Address Line 1,Address Line 1
Address Line 2,Address Line 2
Address Title,Address Title
Address and other legal information you may want to put in the footer.,Address and other legal information you may want to put in the footer.
Admin,Admin
All Applications,Wszystkie aplikacje
All Day,All Day
"All possible Workflow States and roles of the workflow. <br>Docstatus Options: 0 is""Saved"", 1 is ""Submitted"" and 2 is ""Cancelled""","All possible Workflow States and roles of the workflow. <br>Docstatus Options: 0 is""Saved"", 1 is ""Submitted"" and 2 is ""Cancelled"""
Allow Attach,Allow Attach
Allow Import,Allow Import
Allow Import via Data Import Tool,Allow Import via Data Import Tool
Allow Rename,Allow Rename
Allow on Submit,Allow on Submit
Allow user to login only after this hour (0-24),Allow user to login only after this hour (0-24)
Allow user to login only before this hour (0-24),Allow user to login only before this hour (0-24)
Allowed,Allowed
"Allowing DocType, DocType. Be careful!","Allowing DocType, DocType. Be careful!"
Already Registered,Already Registered
Already in user's To Do list,"Jest już na liście ""To Do"" użytkownika"
Alternative download link,Alternative download link
"Alternatively, you can also specify 'auto_email_id' in site_config.json","Alternatively, you can also specify 'auto_email_id' in site_config.json"
Always use above Login Id as sender,Always use above Login Id as sender
Amend,Amend
"An icon file with .ico extension. Should be 16 x 16 px. Generated using a favicon generator. [<a href=""http://favicon-generator.org/"" target=""_blank"">favicon-generator.org</a>]","An icon file with .ico extension. Should be 16 x 16 px. Generated using a favicon generator. [<a href=""http://favicon-generator.org/"" target=""_blank"">favicon-generator.org</a>]"
"Another {0} with name {1} exists, select another name","Inny {0} z nazwą {1} istnieje, wybierz inną nazwę"
Anyone Can Read,Każdy może odczytywać
Anyone Can Write,Każdy może zapisywać
"Apart from Role based Permission Rules, you can apply User Permissions based on DocTypes.","Apart from Role based Permission Rules, you can apply User Permissions based on DocTypes."
"Apart from System Manager, roles with 'Set User Permissions' right can set permissions for other users for that Document Type.","Apart from System Manager, roles with 'Set User Permissions' right can set permissions for other users for that Document Type."
App Already Installed,App Already Installed
App Name,App Name
App not found,App not found
Application Installer,Application Installer
Applications,Applications
Apply Style,Apply Style
Apply User Permissions,Apply User Permissions
Are you sure you want to delete the attachment?,Are you sure you want to delete the attachment?
Arial,Arial
"As a best practice, do not assign the same set of permission rule to different Roles. Instead, set multiple Roles to the same User.","As a best practice, do not assign the same set of permission rule to different Roles. Instead, set multiple Roles to the same User."
Ascending,Rosnąco
Assign To,Assign To
Assigned By,Przypisane przez
Assigned To,Przypisane do
Assigned To Fullname,Assigned To Fullname
Assigned To/Owner,Assigned To/Owner
Assignment Added,Assignment Added
Assignment Status Changed,Assignment Status Changed
Assignments,Assignments
Attach,Attach
Attach Document Print,Attach Document Print
Attach as web link,Attach as web link
Attached To DocType,Attached To DocType
Attached To Name,Attached To Name
Attachments,Załączniki
Auto Email Id,Auto Email Id
Auto Name,Auto Name
Auto generated,Auto generated
Avatar,Avatar
Back to Login,Wróć do Logowania
Background Color,Background Color
Background Image,Background Image
Banner,Banner
Banner HTML,Banner HTML
Banner Image,Banner Image
Banner is above the Top Menu Bar.,Banner is above the Top Menu Bar.
Base Template Path,Base Template Path
Begin this page with a slideshow of images,Begin this page with a slideshow of images
Belongs to,Belongs to
Bio,Bio
Birth Date,Birth Date
Blog Category,Blog Category
Blog Intro,Blog Intro
Blog Introduction,Blog Introduction
Blog Post,Blog Post
Blog Settings,Blog Settings
Blog Title,Blog Title
Blogger,Blogger
Bookmarks,Zakładki
Brand HTML,Brand HTML
Bulk Email,Korespondencja seryjna (e-mail)
Bulk email limit {0} crossed,Limit {0} korespondencji e-mail przekroczony
Button,Przycisk
By,By
Calendar,Kalendarz
Cancel,Anuluj
Cancelled,Anulowano
"Cannot Edit {0} directly: To edit {0} properties, create / update {1}, {2} and {3}","Cannot Edit {0} directly: To edit {0} properties, create / update {1}, {2} and {3}"
Cannot Update: Incorrect / Expired Link.,Cannot Update: Incorrect / Expired Link.
Cannot Update: Incorrect Password,Cannot Update: Incorrect Password
Cannot add more than 50 comments,Nie można dodawać więcej niż 50 komentarzy
Cannot cancel before submitting. See Transition {0},Cannot cancel before submitting. See Transition {0}
Cannot change picture,Cannot change picture
Cannot change state of Cancelled Document. Transition row {0},Cannot change state of Cancelled Document. Transition row {0}
Cannot change {0},Cannot change {0}
Cannot delete or cancel because {0} {1} is linked with {2} {3},Cannot delete or cancel because {0} {1} is linked with {2} {3}
Cannot delete {0} as it has child nodes,Nie można skasować {0} ponieważ posiada elementy potomne
Cannot delete {0} {1} is it is referenced in another record,Cannot delete {0} {1} is it is referenced in another record
Cannot edit standard fields,Cannot edit standard fields
Cannot map because following condition fails: ,Cannot map because following condition fails: 
Cannot open instance when its {0} is open,Cannot open instance when its {0} is open
Cannot open {0} when its instance is open,Cannot open {0} when its instance is open
Cannot print cancelled documents,Cannot print cancelled documents
Cannot remove permission for DocType: {0} and Name: {1},Cannot remove permission for DocType: {0} and Name: {1}
Cannot reply to a reply,Cannot reply to a reply
Cannot set permission for DocType: {0} and Name: {1},Cannot set permission for DocType: {0} and Name: {1}
Categorize blog posts.,Categorize blog posts.
Category,Category
Category Name,Category Name
Center,Center
"Certain documents, like an Invoice, should not be changed once final. The final state for such documents is called Submitted. You can restrict which roles can Submit.","Certain documents, like an Invoice, should not be changed once final. The final state for such documents is called Submitted. You can restrict which roles can Submit."
"Change field properties (hide, readonly, permission etc.)","Change field properties (hide, readonly, permission etc.)"
Chat,Czat
Check,Check
Check / Uncheck roles assigned to the User. Click on the Role to find out what permissions that Role has.,Check / Uncheck roles assigned to the User. Click on the Role to find out what permissions that Role has.
Check this if you want to send emails as this id only (in case of restriction by your email provider).,Check this if you want to send emails as this id only (in case of restriction by your email provider).
Check this to make this the default letter head in all prints,Check this to make this the default letter head in all prints
Checked items shown on desktop,Checked items shown on desktop
Child Tables are shown as a Grid in other DocTypes.,Child Tables are shown as a Grid in other DocTypes.
City,Miasto
Clear Cache,Clear Cache
Clear all roles,Clear all roles
Click on a link to get options to expand get options ,Click on a link to get options to expand get options 
Click on row to view / edit.,Kliknij rząd by wyświetlić/edytować.
Click to Expand / Collapse,Click to Expand / Collapse
Client,Client
Close,Zamknij
Close: {0},Close: {0}
Closed,Closed
Code,Kod
Collapse,Collapse
Color,Kolor
Column Break,Column Break
Comment,Comment
Comment By,Comment By
Comment By Fullname,Comment By Fullname
Comment Date,Comment Date
Comment Docname,Comment Docname
Comment Doctype,Comment Doctype
Comment Time,Comment Time
Comments,Komentarze
Communication,Komunikacja
Communication Medium,Communication Medium
Company History,Company History
Company Introduction,Company Introduction
Complaint,Complaint
Complete By,Complete By
Condition Field,Condition Field
Contact Us Settings,Contact Us Settings
"Contact options, like ""Sales Query, Support Query"" etc each on a new line or separated by commas.","Contact options, like ""Sales Query, Support Query"" etc each on a new line or separated by commas."
Content,Zawartość
Content Hash,Content Hash
Content in markdown format that appears on the main side of your page,Content in markdown format that appears on the main side of your page
Content web page.,Content web page.
Controller,Controller
Copy,Copy
Copyright,Copyright
Core,Core
Could not connect to outgoing email server,Could not connect to outgoing email server
Could not find {0},Could not find {0}
Count,Count
Country,Kraj
Create,Stwórz
Created Custom Field {0} in {1},Created Custom Field {0} in {1}
Created Customer Issue,Created Customer Issue
Created Opportunity,Created Opportunity
Created Support Ticket,Created Support Ticket
Creation / Modified By,Creation / Modified By
Currency,Currency
Current status,Current status
Custom CSS,Custom CSS
Custom Field,Custom Field
Custom Javascript,Custom Javascript
Custom Reports,Custom Reports
Custom Script,Custom Script
Custom?,Custom?
Customize,Customize
Customize Form,Dostosuj formularz
Customize Form Field,Customize Form Field
"Customize Label, Print Hide, Default etc.","Customize Label, Print Hide, Default etc."
Customized HTML Templates for printing transctions.,Customized HTML Templates for printing transctions.
Daily Event Digest is sent for Calendar Events where reminders are set.,Daily Event Digest is sent for Calendar Events where reminders are set.
Danger,Danger
Data,Dane
Data Import / Export Tool,Data Import / Export Tool
Data Import Tool,Data Import Tool
Data missing in table,Data missing in table
Date,Data
Date Format,Format daty
Date and Number Format,Date and Number Format
Date must be in format: {0},Date must be in format: {0}
Datetime,Datetime
Dear,Dear
Default,Default
Default Print Format,Default Print Format
Default Value,Domyślna wartość
"Default: ""Contact Us""","Default: ""Contact Us"""
DefaultValue,DefaultValue
Defaults,Defaults
"Define read, write, admin permissions for a Website Page.","Define read, write, admin permissions for a Website Page."
Define workflows for forms.,Define workflows for forms.
Delete,Usuń
Delete Row,Delete Row
Depends On,Depends On
Descending,Malejąco
Description,Opis
Description and Status,Description and Status
"Description for listing page, in plain text, only a couple of lines. (max 140 characters)","Description for listing page, in plain text, only a couple of lines. (max 140 characters)"
Description for page header.,Description for page header.
Desktop,Desktop
Details,Details
Did not add,Did not add
Did not cancel,Did not cancel
Did not find {0} for {0} ({1}),Did not find {0} for {0} ({1})
Did not load,Did not load
Did not remove,Did not remove
Did not save,Did not save
"Different ""States"" this document can exist in. Like ""Open"", ""Pending Approval"" etc.","Different ""States"" this document can exist in. Like ""Open"", ""Pending Approval"" etc."
Disable Customer Signup link in Login page,Disable Customer Signup link in Login page
Disable Signup,Disable Signup
Disabled,Nieaktywny
Display,Display
Display Settings,Display Settings
Display in the sidebar of this Website Route node,Display in the sidebar of this Website Route node
Do not allow user to change after set the first time,Do not allow user to change after set the first time
Doc Status,Doc Status
DocField,DocField
DocPerm,DocPerm
DocType,DocType
DocType Details,DocType Details
DocType can not be merged,DocType can not be merged
DocType on which this Workflow is applicable.,DocType on which this Workflow is applicable.
DocType or Field,DocType or Field
Doclist JSON,Doclist JSON
Docname,Docname
Document,Document
Document Status transition from ,Document Status transition from 
Document Status transition from {0} to {1} is not allowed,Document Status transition from {0} to {1} is not allowed
Document Type,Document Type
Document is only editable by users of role,Document is only editable by users of role
Documentation,Dokumentacja
Documents,Dokumenty
Down,Down
Download,Ściągnij
Download Backup,Download Backup
Download link for your backup will be emailed on the following email address:,Download link for your backup will be emailed on the following email address:
Drafts,Szkice
Drag to sort columns,Drag to sort columns
Due Date,Due Date
Duplicate name {0} {1},Duplicate name {0} {1}
Edit,Edytuj
Edit Permissions,Edytuj uprawnienia
Editable,Edytowalny
Email,Email
Email Host,Email Host
Email Id,Email Id
Email Login,Email Login
Email Password,Email Password
Email Sent,Email Sent
Email Settings,Email Settings
Email Signature,Email Signature
Email Use SSL,Email Use SSL
Email address,Email address
"Email addresses, separted by commas","Email addresses, separted by commas"
Email not verified with {1},Email not verified with {1}
Email sent to {0},Email sent to {0}
Email...,Email...
Emails are muted,Emails are muted
Embed image slideshows in website pages.,Embed image slideshows in website pages.
Enable,Enable
Enable Comments,Enable Comments
Enabled,Włączony
Ends on,Ends on
Enter Form Type,Enter Form Type
Enter Value,Wpisz Wartość
Enter at least one permission row,Enter at least one permission row
"Enter default value fields (keys) and values. If you add multiple values for a field, the first one will be picked. These defaults are also used to set ""match"" permission rules. To see list of fields, go to <a href=""#Form/Customize Form/Customize Form"">Customize Form</a>.","Enter default value fields (keys) and values. If you add multiple values for a field, the first one will be picked. These defaults are also used to set ""match"" permission rules. To see list of fields, go to <a href=""#Form/Customize Form/Customize Form"">Customize Form</a>."
"Enter keys to enable login via Facebook, Google, GitHub.","Enter keys to enable login via Facebook, Google, GitHub."
Equals,Równe
Error,Błąd
Error: Document has been modified after you have opened it,Error: Document has been modified after you have opened it
Event,Event
Event Datetime,Event Datetime
Event Individuals,Event Individuals
Event Role,Event Role
Event Roles,Event Roles
Event Type,Event Type
Event User,Event User
Event end must be after start,Event end must be after start
Events,Zdarzenia
Events In Today's Calendar,Events In Today's Calendar
Every Day,Every Day
Every Month,Every Month
Every Week,Every Week
Every Year,Every Year
Example:,Przykład:
Expand,Expand
Export,Export
Export not allowed. You need {0} role to export.,Export not allowed. You need {0} role to export.
Exported,Exported
Facebook,Facebook
Facebook Client ID,Facebook Client ID
Facebook Client Secret,Facebook Client Secret
Facebook Share,Facebook Share
Facebook User ID,Facebook User ID
Facebook Username,Facebook Username
FavIcon,FavIcon
Female,Female
Field Description,Field Description
Field Name,Field Name
Field Type,Field Type
"Field that represents the Workflow State of the transaction (if field is not present, a new hidden Custom Field will be created)","Field that represents the Workflow State of the transaction (if field is not present, a new hidden Custom Field will be created)"
Field {0} in row {1} cannot be hidden and mandatory without default,Field {0} in row {1} cannot be hidden and mandatory without default
Field {0} is not selectable.,Field {0} is not selectable.
Field {0} of type {1} cannot be mandatory,Field {0} of type {1} cannot be mandatory
Fieldname,Fieldname
Fieldname is required in row {0},Fieldname is required in row {0}
Fieldname not set for Custom Field,Fieldname not set for Custom Field
Fieldname {0} appears multiple times in rows {1},Fieldname {0} appears multiple times in rows {1}
"Fieldname {0} cannot contain letters, numbers or spaces","Fieldname {0} cannot contain letters, numbers or spaces"
Fields,Fields
"Fields separated by comma (,) will be included in the<br /><b>Search By</b> list of Search dialog box","Fields separated by comma (,) will be included in the<br /><b>Search By</b> list of Search dialog box"
Fieldtype must be one of {0} in row {1},Fieldtype must be one of {0} in row {1}
File,Plik
File Data,File Data
File Name,Nazwa pliku
File Size,Rozmiar pliku
File URL,File URL
File not attached,File not attached
File size exceeded the maximum allowed size of {0} MB,File size exceeded the maximum allowed size of {0} MB
Filter,Filtr
Filter records based on User Permissions defined for a user,Filter records based on User Permissions defined for a user
First Name,First Name
Float,Float
Float Precision,Float Precision
Font (Heading),Font (Heading)
Font (Text),Font (Text)
Font Size (Text),Font Size (Text)
Fonts,Czcionki
Footer,Footer
Footer Items,Footer Items
For DocType,For DocType
"For Links, enter the DocType as rangeFor Select, enter list of Options separated by comma","For Links, enter the DocType as rangeFor Select, enter list of Options separated by comma"
"For comparative filters, start with","For comparative filters, start with"
For example if you cancel and amend 'INV004' it will become a new document 'INV004-1'. This helps you to keep track of each amendment.,For example if you cancel and amend 'INV004' it will become a new document 'INV004-1'. This helps you to keep track of each amendment.
For ranges,For ranges
For top bar,For top bar
For {0} at level {1} in {2} in row {3},For {0} at level {1} in {2} in row {3}
Forgot Password,Zapomniałeś hasła
Forgot Password?,Zapomniałeś hasła?
Form,Formularz
Forum,Forum
Forums,Fora
Forward To Email Address,Forward To Email Address
Friday,Piątek
From Date must be before To Date,From Date must be before To Date
Full Name,Full Name
Gantt Chart,Gantt Chart
Gender,Gender
Generator,Generator
Georgia,Georgia
Get,Get
Get From ,Get From 
GitHub,GitHub
GitHub Client ID,GitHub Client ID
GitHub Client Secret,GitHub Client Secret
Github User ID,Github User ID
Github Username,Github Username
Google,Google
Google Analytics ID,Google Analytics ID
Google Client ID,Google Client ID
Google Client Secret,Google Client Secret
Google Plus One,Google Plus One
Google User ID,Google User ID
Google Web Font (Heading),Google Web Font (Heading)
Google Web Font (Text),Google Web Font (Text)
Greater or equals,Więcej lub równo
Greater than,Więcej niż
"Group Added, refreshing...",Dodano Grupę. Aktualizacja...
Group Description,Opis Grupy
Group Name,Nazwa Grupy
Group Title,Group Title
Group Type,Group Type
Groups,Grupy
HTML for header section. Optional,HTML for header section. Optional
Have an account? Login,Have an account? Login
Header,Nagłówek
Heading,Heading
Heading Text As,Heading Text As
Help,Pomoc
Helvetica Neue,Helvetica Neue
Hey! There should remain at least one System Manager,Hey! There should remain at least one System Manager
Hidden,Hidden
Hide Actions,Hide Actions
Hide Copy,Hide Copy
Hide Email,Hide Email
Hide Heading,Hide Heading
Hide Print,Hide Print
Hide Toolbar,Hide Toolbar
High,Wysoki
Highlight,Highlight
History,Historia
Home Page,Strona główna
Home Page is Products,Home Page is Products
ID (name) of the entity whose property is to be set,ID (name) of the entity whose property is to be set
Icon,Ikona
Icon will appear on the button,Icon will appear on the button
"If a Role does not have access at Level 0, then higher levels are meaningless.","If a Role does not have access at Level 0, then higher levels are meaningless."
"If checked, all other workflows become inactive.","If checked, all other workflows become inactive."
"If checked, an email with an attached HTML format will be added to part of the EMail body as well as attachment. To only send as attachment, uncheck this.","If checked, an email with an attached HTML format will be added to part of the EMail body as well as attachment. To only send as attachment, uncheck this."
"If checked, the Home page will be the default Item Group for the website.","If checked, the Home page will be the default Item Group for the website."
"If image is selected, color will be ignored (attach first)","If image is selected, color will be ignored (attach first)"
If non standard port (e.g. 587),If non standard port (e.g. 587)
"If these instructions where not helpful, please add in your suggestions on GitHub Issues.","If these instructions where not helpful, please add in your suggestions on GitHub Issues."
"If you set this, this Item will come in a drop-down under the selected parent.","If you set this, this Item will come in a drop-down under the selected parent."
Ignore User Permissions,Ignore User Permissions
"Ignoring Item {0}, because a group exists with the same name!","Ignoring Item {0}, because a group exists with the same name!"
Image,Obrazek
Image Link,Image Link
Import,Import
Import / Export Data,Importuj / Eksportuj dane
Import / Export Data from .csv files.,Importuj z / Eksportuj do pliku csv. 
In,In
In Dialog,In Dialog
In Filter,In Filter
In List View,In List View
In Report Filter,In Report Filter
In response to,In response to
Incorrect value in row {0}: {1} must be {2} {3},Incorrect value in row {0}: {1} must be {2} {3}
Incorrect value: {1} must be {2} {3},Incorrect value: {1} must be {2} {3}
Index,Index
Individuals,Individuals
Info,Info
Insert After,Insert After
"Insert After field '{0}' mentioned in Custom Field '{1}', does not exist","Insert After field '{0}' mentioned in Custom Field '{1}', does not exist"
Insert Below,Insert Below
Insert Code,Insert Code
Insert Row,Insert Row
Insert Style,Insert Style
Install Applications.,Install Applications.
Installed,Installed
Installer,Installer
Int,Int
Integrations,Integrations
Introduce your company to the website visitor.,Introduce your company to the website visitor.
Introduction,Introduction
Introductory information for the Contact Us Page,Introductory information for the Contact Us Page
Invalid Email: {0},Invalid Email: {0}
Invalid Filter: {0},Invalid Filter: {0}
Invalid Home Page,Invalid Home Page
Invalid Outgoing Mail Server or Port,Invalid Outgoing Mail Server or Port
Invalid login or password,Invalid login or password
Invalid recipient address,Invalid recipient address
Inverse,Inverse
Is Active,Jest aktywny
Is Child Table,Is Child Table
Is Default,Jest domyślny
Is Event,Is Event
Is Mandatory Field,jest polem obowiązkowym
Is Single,Is Single
Is Standard,Is Standard
Is Submittable,Is Submittable
Is Task,Is Task
Item cannot be added to its own descendents,Item cannot be added to its own descendents
JavaScript Format: frappe.query_reports['REPORTNAME'] = {},JavaScript Format: frappe.query_reports['REPORTNAME'] = {}
Javascript,Javascript
Javascript to append to the head section of the page.,Javascript to append to the head section of the page.
Key,Key
Label,Label
Label Help,Label Help
Label and Type,Label and Type
Label is mandatory,Label is mandatory
Landing Page,Landing Page
Language,Język
Language preference for user interface (only if available).,Language preference for user interface (only if available).
"Language, Date and Time settings","Ustawienia Języka, Daty i Czasu"
Last IP,Ostatnio używany IP
Last Login,Ostatnie Logowanie
Last Name,Nazwisko
Last updated by,Last updated by
Lastmod,Lastmod
Lato,Lato
Leave blank to repeat always,Leave blank to repeat always
Left,Left
Less or equals,Mniej lub równo
Less than,Mniej niż
Letter Head,Letter Head
Letter Head Name,Letter Head Name
Letter Head in HTML,Letter Head in HTML
Level,Level
"Level 0 is for document level permissions, higher levels for field level permissions.","Level 0 is for document level permissions, higher levels for field level permissions."
Like,Like
Link,Link
Link Name,Link Name
"Link that is the website home page. Standard Links (index, login, products, blog, about, contact)","Link that is the website home page. Standard Links (index, login, products, blog, about, contact)"
Link to other pages in the side bar and next section,Link to other pages in the side bar and next section
Link to the page you want to open,Link to the page you want to open
Linked In Share,Linked In Share
Linked With,Linked With
List,Lista
List of Web Site Forum's Posts.,List of Web Site Forum's Posts.
Loading,Loading
Loading Report,Loading Report
Loading...,Loading...
Localization,Localization
Location,Location
Log of error on automated events (scheduler).,Log of error on automated events (scheduler).
Login,Login
Login After,Login After
Login Before,Login Before
Login Id,Login Id
Login not allowed at this time,Login not allowed at this time
Logout,Logout
Long Text,Long Text
Low,Low
Lucida Grande,Lucida Grande
Mail Password,Mail Password
Main Section,Main Section
Make a new,Stwórz
Male,Male
Manage cloud backups on Dropbox,Manage cloud backups on Dropbox
Manage uploaded files.,Manage uploaded files.
Mandatory,Mandatory
Mandatory fields required in {0},Mandatory fields required in {0}
Mandatory filters required:\n,Mandatory filters required:\n
Master,Master
Max Attachments,Max Attachments
Max width for type Currency is 100px in row {0},Max width for type Currency is 100px in row {0}
"Meaning of Submit, Cancel, Amend","Meaning of Submit, Cancel, Amend"
Medium,Medium
"Menu items in the Top Bar. For setting the color of the Top Bar, go to <a href=""#Form/Style Settings"">Style Settings</a>","Menu items in the Top Bar. For setting the color of the Top Bar, go to <a href=""#Form/Style Settings"">Style Settings</a>"
Merging is only possible between Group-to-Group or Leaf Node-to-Leaf Node,Merging is only possible between Group-to-Group or Leaf Node-to-Leaf Node
Message,Wiadomość
Messages,Wiadomości
Method,Method
Middle Name (Optional),Middle Name (Optional)
Misc,Misc
Miscellaneous,Miscellaneous
Missing Values Required,Missing Values Required
Modified by,Modified by
Module,Module
Module Def,Module Def
Module Name,Module Name
Module Not Found,Module Not Found
Modules Setup,Modules Setup
Monday,Poniedziałek
More,More
More content for the bottom of the page.,More content for the bottom of the page.
Move,Move
Move Down: {0},Move Down: {0}
Move Up: {0},Move Up: {0}
Multiple root nodes not allowed.,Multiple root nodes not allowed.
Must have report permission to access this report.,Must have report permission to access this report.
Must specify a Query to run,Must specify a Query to run
My Settings,Moje ustawienia
Name,Imię
Name Case,Name Case
Name and Description,Nazwa i opis
Name is required,Name is required
Name not permitted,Name not permitted
Name not set via Prompt,Name not set via Prompt
Naming,Naming
Naming Series mandatory,Naming Series mandatory
Nested set error. Please contact the Administrator.,Nested set error. Please contact the Administrator.
New,Nowy
New Password,Nowe hasło
New Record,Nowy rekord
New comment on {0} {1},New comment on {0} {1}
New password emailed,New password emailed
New value to be set,New value to be set
Next Communcation On,Next Communcation On
Next Record,Next Record
Next State,Next State
Next actions,Next actions
No,Nie
No Action,No Action
No Cache,No Cache
No Communication tagged with this ,No Communication tagged with this 
No Copy,No Copy
No Permissions set for this criteria.,No Permissions set for this criteria.
No Report Loaded. Please use query-report/[Report Name] to run a report.,No Report Loaded. Please use query-report/[Report Name] to run a report.
No Results,No Results
No Sidebar,No Sidebar
No Sitemap,No Sitemap
No User Permissions found.,No User Permissions found.
No data found,No data found
No document selected,No document selected
No file attached,No file attached
No further records,No further records
No one,Nikt
No permission to '{0}' {1},No permission to '{0}' {1}
No permission to edit,No permission to edit
No permission to write / remove.,No permission to write / remove.
No records tagged.,Brak otagowanych rekordów.
None,Brak
None: End of Workflow,None: End of Workflow
Not Found,Not Found
Not Linked to any record.,Not Linked to any record.
Not Permitted,
Not Submitted,Not Submitted
Not a user yet? Sign up,Not a user yet? Sign up
Not a valid Comma Separated Value (CSV File),Not a valid Comma Separated Value (CSV File)
Not allowed,Not allowed
Not allowed from this IP Address,Niedostępne z tego adresu IP
Not allowed to Import,Not allowed to Import
Not allowed to access {0} with {1} = {2},Not allowed to access {0} with {1} = {2}
Not allowed to change {0} after submission,Not allowed to change {0} after submission
Not allowed to move,Not allowed to move
Not allowed to reset the password of {0},Not allowed to reset the password of {0}
Not enough permission to see links.,Not enough permission to see links.
Not equals,Not equals
Not found,
Not in Developer Mode! Set in site_config.json,Not in Developer Mode! Set in site_config.json
Not permitted,Not permitted
"Note: For best results, images must be of the same size and width must be greater than height.","Note: For best results, images must be of the same size and width must be greater than height."
Note: Other permission rules may also apply,Note: Other permission rules may also apply
Note: maximum attachment size = 1mb,Note: maximum attachment size = 1mb
Nothing to delete,Brak pozycji do usunięcia
Nothing to show,Brak pozycji
Nothing to show for this selection,Nothing to show for this selection
Notification Count,Notification Count
Notify by Email,Notify by Email
Number Format,Number Format
Old Parent,Old Parent
On,On
"Once you have set this, the users will only be able access documents (eg. Blog Post) where the link exists (eg. Blogger).","Once you have set this, the users will only be able access documents (eg. Blog Post) where the link exists (eg. Blogger)."
Only Administrator allowed to create Query / Script Reports,Only Administrator allowed to create Query / Script Reports
Only Administrator can save a standard report. Please rename and save.,Only Administrator can save a standard report. Please rename and save.
Only Allow Edit For,Only Allow Edit For
Only allowed {0} rows in one import,Only allowed {0} rows in one import
Open,Otwarty
Open Count,Open Count
Open Sans,Open Sans
Options,Options
Options Help,Options Help
Options must be a valid DocType for field {0} in row {1},Options must be a valid DocType for field {0} in row {1}
Options not set for link field {0},Options not set for link field {0}
Options requried for Link or Table type field {0} in row {1},Options requried for Link or Table type field {0} in row {1}
Org History,Org History
Org History Heading,Org History Heading
Original Message,Original Message
Other,Inne
Outgoing Email Settings,Outgoing Email Settings
Outgoing Mail Server,Outgoing Mail Server
Outgoing Mail Server not specified,Outgoing Mail Server not specified
POP3 Mail Server (e.g. pop.gmail.com),
Page,Page
Page Background,Page Background
Page Border,Page Border
Page HTML,Page HTML
Page Headings,Page Headings
Page Links,Page Links
Page Name,Page Name
Page Name Field,Page Name Field
Page Role,Page Role
Page Text,Page Text
Page Title,Page Title
Page content,Page content
Page not found,Page not found
Page or Generator,Page or Generator
Page url name (auto-generated),Page url name (auto-generated)
Page with name {0} already exists,Page with name {0} already exists
Parent Label,Parent Label
Parent Post,Parent Post
Parent Website Page,Parent Website Page
Parent Website Route,Parent Website Route
Parent Website Sitemap,Parent Website Sitemap
Participants,Participants
Password,Password
Password Updated,Password Updated
Password reset instructions have been sent to your email,Password reset instructions have been sent to your email
Patch,Patch
Patch Log,Patch Log
Percent,Procent
Perm Level,Perm Level
Permanently Cancel {0}?,Permanently Cancel {0}?
Permanently Submit {0}?,Permanently Submit {0}?
Permanently delete {0}?,Permanently delete {0}?
Permission Level,Permission Level
Permission Levels,Permission Levels
Permission Rules,Permission Rules
Permissions,Permissions
Permissions Settings,Permissions Settings
Permissions are automatically translated to Standard Reports and Searches.,Permissions are automatically translated to Standard Reports and Searches.
"Permissions are set on Roles and Document Types (called DocTypes) by setting rights like Read, Write, Create, Delete, Submit, Cancel, Amend, Report, Import, Export, Print, Email and Set User Permissions.","Permissions are set on Roles and Document Types (called DocTypes) by setting rights like Read, Write, Create, Delete, Submit, Cancel, Amend, Report, Import, Export, Print, Email and Set User Permissions."
Permissions at higher levels are 'Field Level' permissions. All Fields have a 'Permission Level' set against them and the rules defined at that permissions apply to the field. This is useful in case you want to hide or make certain field read-only for certain Roles.,Permissions at higher levels are 'Field Level' permissions. All Fields have a 'Permission Level' set against them and the rules defined at that permissions apply to the field. This is useful in case you want to hide or make certain field read-only for certain Roles.
"Permissions at level 0 are 'Document Level' permissions, i.e. they are primary for access to the document.","Permissions at level 0 are 'Document Level' permissions, i.e. they are primary for access to the document."
Permissions get applied on Users based on what Roles they are assigned.,Permissions get applied on Users based on what Roles they are assigned.
Person,Osoba
Personal Info,Informacje personalne
Phone,Telefon
Phone No.,Nr telefonu
Pick Columns,Pick Columns
Picture URL,Picture URL
Pincode,Kod PIN
Please attach a file first.,Please attach a file first.
Please attach a file or set a URL,Please attach a file or set a URL
Please do not change the rows above {0},Please do not change the rows above {0}
Please enable pop-ups,Please enable pop-ups
Please enter Event's Date and Time!,Please enter Event's Date and Time!
Please enter some text!,Please enter some text!
Please enter title!,Please enter title!
Please login to Upvote!,Please login to Upvote!
Please make sure that there are no empty columns in the file.,Please make sure that there are no empty columns in the file.
Please refresh to get the latest document.,Please refresh to get the latest document.
Please select a file or url,Please select a file or url
Please select atleast 1 column from {0} to sort,Please select atleast 1 column from {0} to sort
Please specify,Please specify
Please specify 'Auto Email Id' in Setup > Outgoing Email Settings,Please specify 'Auto Email Id' in Setup > Outgoing Email Settings
Please specify Event date and time,Please specify Event date and time
Plugin,Plugin
Port,Port
Post,Post
Post Publicly,Post Publicly
Post Topic,Post Topic
Post already exists. Cannot add again!,Post already exists. Cannot add again!
Post does not exist. Please add post!,Post does not exist. Please add post!
Post to user,Post to user
Posts,Posts
Previous Record,Previous Record
Primary,Primary
Print,Drukuj
Print Format,Format druku
Print Format Type,Print Format Type
Print Hide,Print Hide
Print Width,Print Width
Print...,Drukuj...
Printing and Branding,Printing and Branding
Priority,Priorytet
Private,Private
Properties,Properties
Property,Właściwość
Property Setter,Property Setter
Property Type,Property Type
Public,Public
Published,Published
Published On,Published On
Pull Emails from the Inbox and attach them as Communication records (for known contacts).,Pull Emails from the Inbox and attach them as Communication records (for known contacts).
Query,Zapytanie
Query Options,Query Options
Query Report,Query Report
Query must be a SELECT,Query must be a SELECT
Quick Help for Setting Permissions,Quick Help for Setting Permissions
Quick Help for User Permissions,Quick Help for User Permissions
Re-open,Re-open
Read,Read
Read Only,Read Only
Received,Received
Recipient,Recipient
Recipients,Recipients
Record does not exist,Record does not exist
Ref DocType,Ref DocType
Ref Name,Ref Name
Ref Type,Ref Type
Reference,Reference
Reference DocName,Reference DocName
Reference DocType,Reference DocType
Reference Name,Reference Name
Reference Type,Reference Type
Refresh,Odśwież
Refreshing...,Refreshing...
Registered but disabled.,Registered but disabled.
Registration Details Emailed.,Registration Details Emailed.
Reload Page,Reload Page
Remove,Usuń
Remove Bookmark,Remove Bookmark
Remove all customizations?,Remove all customizations?
Rename many items by uploading a .csv file.,Rename many items by uploading a .csv file.
Rename...,Zmień nazwę...
Repeat On,Repeat On
Repeat Till,Repeat Till
Repeat this Event,Repeat this Event
Replies,Replies
Report,Raport
Report Builder,Report Builder
Report Builder reports are managed directly by the report builder. Nothing to do.,Report Builder reports are managed directly by the report builder. Nothing to do.
Report Hide,Report Hide
Report Name,Nazwa raportu
Report Type,Typ raportu
Report an Issue,Report an Issue
Report cannot be set for Single types,Report cannot be set for Single types
Report was not saved (there were errors),Report was not saved (there were errors)
Reqd,Reqd
Reset Password Key,Reset Password Key
Reset Permissions for {0}?,Reset Permissions for {0}?
Restrict IP,Restrict IP
Restrict user from this IP address only. Multiple IP addresses can be added by separating with commas. Also accepts partial IP addresses like (111.111.111),Restrict user from this IP address only. Multiple IP addresses can be added by separating with commas. Also accepts partial IP addresses like (111.111.111)
Right,Right
Role,Rola
Role Name,Nazwa roli
Role Permissions Manager,Role Permissions Manager
Role and Level,Role and Level
Role exists,Role exists
Roles,Role
Roles Assigned,Roles Assigned
Roles Assigned To User,Roles Assigned To User
Roles HTML,Roles HTML
Roles can be set for users from their User page.,Roles can be set for users from their User page.
Root {0} cannot be deleted,Root {0} cannot be deleted
Row,Rząd
Rules defining transition of state in the workflow.,Rules defining transition of state in the workflow.
"Rules for how states are transitions, like next state and which role is allowed to change state etc.","Rules for how states are transitions, like next state and which role is allowed to change state etc."
SMTP Server (e.g. smtp.gmail.com),SMTP Server (e.g. smtp.gmail.com)
Sales,Sprzedaż
Same file has already been attached to the record,Same file has already been attached to the record
Saturday,Sobota
Save,Zapisz
Scheduler Log,Scheduler Log
Script,Script
Script Report,Script Report
Script Type,Script Type
Search,Szukaj
Search Fields,Search Fields
Section Break,Section Break
Security,Security
Security Settings,Security Settings
Select,Wybierz
Select All,Wybierz wszystko
Select Attachments,Wybierz Załączniki
Select Document Type,Select Document Type
Select Document Type or Role to start.,Select Document Type or Role to start.
Select Print Format,Select Print Format
Select Report Name,Select Report Name
Select Role,Select Role
Select To Download:,Select To Download:
Select Type,Select Type
Select User or DocType to start.,Select User or DocType to start.
Select a Banner Image first.,Select a Banner Image first.
Select an image of approx width 150px with a transparent background for best results.,Select an image of approx width 150px with a transparent background for best results.
Select dates to create a new ,Select dates to create a new 
"Select modules to be shown (based on permission). If hidden, they will be hidden for all users.","Select modules to be shown (based on permission). If hidden, they will be hidden for all users."
Select or drag across time slots to create a new event.,Select or drag across time slots to create a new event.
"Select target = ""_blank"" to open in a new page.","Select target = ""_blank"" to open in a new page."
Select the label after which you want to insert new field.,Select the label after which you want to insert new field.
Send,Wyślij
Send As Email,Send As Email
Send Me A Copy,Send Me A Copy
Send Password,Send Password
Send Print in Body and Attachment,Send Print in Body and Attachment
Send an email reminder in the morning,Wyślij rano e-mail z przypomnieniem 
Send download link of a recent backup to System Managers,Send download link of a recent backup to System Managers
Send enquiries to this email address,Send enquiries to this email address
Sender,Sender
Sent,Wysłano
Sent Mail,Sent Mail
Sent Quotation,Sent Quotation
Sent or Received,Sent or Received
Series,Seria
Series {0} already used in {1},Series {0} already used in {1}
Server,Server
Server Error: Please check your server logs or contact tech support.,Server Error: Please check your server logs or contact tech support.
Session Expired. Logging you out,Session Expired. Logging you out
Session Expiry,Session Expiry
Session Expiry in Hours e.g. 06:00,Session Expiry in Hours e.g. 06:00
Session Expiry must be in format {0},Session Expiry must be in format {0}
Set Banner from Image,Set Banner from Image
Set Link,Set Link
Set Login and Password if authentication is required.,Set Login and Password if authentication is required.
Set Only Once,Set Only Once
Set Password,Set Password
Set Permissions on Document Types and Roles,Set Permissions on Document Types and Roles
Set Permissions per User,Set Permissions per User
Set User Permissions,Set User Permissions
Set Value,Set Value
Set numbering series for transactions.,Set numbering series for transactions.
Set outgoing mail server.,Set outgoing mail server.
Settings,Settings
Settings for About Us Page.,Settings for About Us Page.
Settings for Contact Us Page.,Settings for Contact Us Page.
Setup,Ustawienia
Setup > User,Setup > User
Setup > User Permissions Manager,Setup > User Permissions Manager
Setup of fonts and background.,Setup of fonts and background.
"Setup of top navigation bar, footer and logo.","Setup of top navigation bar, footer and logo."
Short Bio,Short Bio
Short Name,Short Name
Shortcut,Shortcut
Show / Hide Modules,Show / Hide Modules
Show Details,Pokaż szczegóły
Show Print First,Show Print First
Show Tags,Pokaż tagi
Show or hide modules globally.,Show or hide modules globally.
Show rows with zero values,Show rows with zero values
Show this field as title,Show this field as title
Showing only for (if not empty),Showing only for (if not empty)
Sidebar,Sidebar
Sidebar Items,Sidebar Items
Sidebar Links for Home Page only,Sidebar Links for Home Page only
Sign Up,Sign Up
Sign in,Sign in
Sign up,
Single Post (article).,Single Post (article).
Single Types have only one record no tables associated. Values are stored in tabSingles,Single Types have only one record no tables associated. Values are stored in tabSingles
Sitemap Browser,Sitemap Browser
Slideshow,Slideshow
Slideshow Items,Slideshow Items
Slideshow Name,Slideshow Name
Small Text,Small Text
Social Login Keys,Social Login Keys
Solid background color (default light gray),Solid background color (default light gray)
Sorry we were unable to find what you were looking for.,Sorry we were unable to find what you were looking for.
Sorry you are not permitted to view this page.,Sorry you are not permitted to view this page.
Sort By,Sortowanie wg.
Sort Field,Sort Field
Sort Order,Kolejność
Standard,Standard
Standard Print Format cannot be updated,Standard Print Format cannot be updated
Standard Reports,Raporty standardowe
Start Report For,Start Report For
Starts on,Starts on
State,Stan
States,States
"States for workflow (e.g. Draft, Approved, Cancelled).","States for workflow (e.g. Draft, Approved, Cancelled)."
Static File Timestamp,Static File Timestamp
Status,Status
Step 1: Set the name and save.,Step 1: Set the name and save.
Step 2: Set Letterhead content.,Step 2: Set Letterhead content.
Style,Style
Style Settings,Style Settings
"Style represents the button color: Success - Green, Danger - Red, Inverse - Black, Primary - Dark Blue, Info - Light Blue, Warning - Orange","Style represents the button color: Success - Green, Danger - Red, Inverse - Black, Primary - Dark Blue, Info - Light Blue, Warning - Orange"
Sub-domain provided by erpnext.com,Sub-domain provided by erpnext.com
Subdomain,Subdomain
Subject,Temat
Submit,Submit
Submit an Issue,Submit an Issue
Submitted,Submitted
Submitted Document cannot be converted back to draft. Transition row {0},Submitted Document cannot be converted back to draft. Transition row {0}
Submitted Record cannot be deleted,Submitted Record cannot be deleted
Success,Success
Suggestion,Suggestion
Sunday,Niedziela
Switch to Website,Switch to Website
Sync Inbox,Sync Inbox
System,System
System Settings,Ustawienia Systemowe
System User,System User
System and Website Users,System and Website Users
System generated mails will be sent from this email id.,System generated mails will be sent from this email id.
Table,Table
Table {0} cannot be empty,Table {0} cannot be empty
Tag,Tag
Tag Name,Tag Name
Tags,Tagi
Tahoma,Tahoma
Target,Target
Tasks,Tasks
Team Members,Team Members
Team Members Heading,Team Members Heading
Template Pages cannot be moved,Template Pages cannot be moved
Template Path,Template Path
Test,Test
Test Runner,Test Runner
Text,Text
Text Align,Text Align
Text Editor,Text Editor
The name of your company / website as you want to appear on browser title bar. All pages will have this as the prefix to the title.,The name of your company / website as you want to appear on browser title bar. All pages will have this as the prefix to the title.
The system provides many pre-defined roles. You can add new roles to set finer permissions.,The system provides many pre-defined roles. You can add new roles to set finer permissions.
Then By (optional),Then By (optional)
There were errors,There were errors
There were errors while sending email. Please try again.,There were errors while sending email. Please try again.
"These permissions will apply for all transactions where the permitted record is linked. For example, if Company C is added to User Permissions of user X, user X will only be able to see transactions that has company C as a linked value.","These permissions will apply for all transactions where the permitted record is linked. For example, if Company C is added to User Permissions of user X, user X will only be able to see transactions that has company C as a linked value."
These values will be automatically updated in transactions and also will be useful to restrict permissions for this user on transactions containing these values.,These values will be automatically updated in transactions and also will be useful to restrict permissions for this user on transactions containing these values.
"These will also be set as default values for those links, if only one such permission record is defined.","These will also be set as default values for those links, if only one such permission record is defined."
Third Party Authentication,Third Party Authentication
This field will appear only if the fieldname defined here has value OR the rules are true (examples): <br>myfieldeval:doc.myfield=='My Value'<br>eval:doc.age>18,This field will appear only if the fieldname defined here has value OR the rules are true (examples): <br>myfieldeval:doc.myfield=='My Value'<br>eval:doc.age>18
This goes above the slideshow.,This goes above the slideshow.
This is PERMANENT action and you cannot undo. Continue?,This is PERMANENT action and you cannot undo. Continue?
This is permanent action and you cannot undo. Continue?,
This must be checked if Style Settings are applicable,This must be checked if Style Settings are applicable
This role update User Permissions for a user,This role update User Permissions for a user
Thursday,Czwartek
Time,Time
Time Zone,Time Zone
Title,Title
Title / headline of your page,Title / headline of your page
Title Case,Title Case
Title Field,Title Field
Title Prefix,Title Prefix
Title field must be a valid fieldname,Title field must be a valid fieldname
Title is required,Title is required
To,Do
To Do,To Do
"To format columns, give column labels in the query.","To format columns, give column labels in the query."
"To give acess to a role for only specific records, check the 'Apply User Permissions'. User Permissions are used to limit users with such role to specific records.","To give acess to a role for only specific records, check the 'Apply User Permissions'. User Permissions are used to limit users with such role to specific records."
"To run a test add the module name in the route after '{0}'. For example, {1}","To run a test add the module name in the route after '{0}'. For example, {1}"
ToDo,ToDo
Too many writes in one request. Please send smaller requests,Too many writes in one request. Please send smaller requests
Top Bar,Top Bar
Top Bar Background,Top Bar Background
Top Bar Item,Top Bar Item
Top Bar Items,Top Bar Items
Top Bar Text,Top Bar Text
Top Bar text and background is same color. Please change.,Top Bar text and background is same color. Please change.
Transaction,Transaction
Transition Rules,Transition Rules
Tuesday,Wtorek
Tweet will be shared via your user account (if specified),Tweet will be shared via your user account (if specified)
Twitter Share,Twitter Share
Twitter Share via,Twitter Share via
Type,Typ
Unable to find attachment {0},Unable to find attachment {0}
Unable to load: {0},Unable to load: {0}
Unable to open attached file. Please try again.,Unable to open attached file. Please try again.
Unable to send emails at this time,Unable to send emails at this time
Unknown Column: {0},Unknown Column: {0}
Unknown Print Format: {0},Unknown Print Format: {0}
"Unknown file encoding. Tried utf-8, windows-1250, windows-1252.","Unknown file encoding. Tried utf-8, windows-1250, windows-1252."
Unread Messages,Unread Messages
Unsubscribe,Unsubscribe
Unsubscribed,Unsubscribed
Up,Up
Upcoming Events for Today,Upcoming Events for Today
Update,Update
Update Field,Update Field
Update Parent,Update Parent
Update Value,Update Value
Updated,Updated
Upload,Prześlij
Upload Attachment,Prześlij załącznik
Upload a file,Prześlij plik
Upload and Import,Prześlij i zaimportuj
Uploading...,Przesyłanie...
Upvotes,Upvotes
Use TLS,Use TLS
User,Użytkownik
User Cannot Create,User Cannot Create
User Cannot Search,User Cannot Search
User Defaults,User Defaults
User ID of a blog writer.,User ID of a blog writer.
User Image,User Image
User Permission,User Permission
User Permissions,User Permissions
User Permissions Manager,User Permissions Manager
User Roles,User Roles
User Tags,User Tags
User Type,User Type
"User Type ""System User"" can access Desktop. ""Website User"" can only be logged into the website and portal pages. ","User Type ""System User"" can access Desktop. ""Website User"" can only be logged into the website and portal pages. "
User Vote,User Vote
User not allowed to delete.,User not allowed to delete.
User permissions should not apply for this Link,User permissions should not apply for this Link
User {0} cannot be deleted,User {0} cannot be deleted
User {0} cannot be disabled,User {0} cannot be disabled
User {0} cannot be renamed,User {0} cannot be renamed
User {0} does not exist,User {0} does not exist
UserRole,UserRole
Users and Permissions,Użytkownicy i uprawnienia
Users with role {0}:,Users with role {0}:
Value,Value
Value cannot be changed for {0},Value cannot be changed for {0}
Value for a check field can be either 0 or 1,Value for a check field can be either 0 or 1
Value missing for,Value missing for
Verdana,Verdana
Version,Wersja
Version restored,Version restored
View or manage Website Route tree.,View or manage Website Route tree.
Visit,Visit
Warning,Ostrzeżenie
Web Page,Strona internetowa
Web Site Forum Page.,Web Site Forum Page.
Website,Strona internetowa
Website Group,Website Group
Website Route,Website Route
Website Route Permission,Website Route Permission
Website Script,Website Script
Website Settings,Website Settings
Website Slideshow,Website Slideshow
Website Slideshow Item,Website Slideshow Item
Website Template,Website Template
Website User,Website User
Wednesday,Środa
Welcome email sent,Welcome email sent
"When you Amend a document after Cancel and save it, it will get a new number that is a version of the old number.","When you Amend a document after Cancel and save it, it will get a new number that is a version of the old number."
Width,Szerokość
Will be used in url (usually first name).,Will be used in url (usually first name).
With Groups,With Groups
With Ledgers,With Ledgers
Workflow,Workflow
Workflow Action,Workflow Action
Workflow Action Name,Workflow Action Name
Workflow Document State,Workflow Document State
Workflow Document States,Workflow Document States
Workflow Name,Workflow Name
Workflow State,Workflow State
Workflow State Field,Workflow State Field
Workflow Transition,Workflow Transition
Workflow Transitions,Workflow Transitions
Workflow will start after saving.,Workflow will start after saving.
Write,Napisz
Write a Python file in the same folder where this is saved and return column and result.,Write a Python file in the same folder where this is saved and return column and result.
Write a SELECT query. Note result is not paged (all data is sent in one go).,Write a SELECT query. Note result is not paged (all data is sent in one go).
Write titles and introductions to your blog.,Write titles and introductions to your blog.
Writers Introduction,Writers Introduction
Year,Rok
Yes,Tak
Yesterday,Wczoraj
You are not allowed to create / edit reports,You are not allowed to create / edit reports
You are not allowed to export the data of: {0}. Downloading empty template.,You are not allowed to export the data of: {0}. Downloading empty template.
You are not allowed to export this report,You are not allowed to export this report
You are not allowed to print this document,You are not allowed to print this document
You are not allowed to send emails related to this document,You are not allowed to send emails related to this document
"You can change Submitted documents by cancelling them and then, amending them.","You can change Submitted documents by cancelling them and then, amending them."
You can use Customize Form to set levels on fields.,You can use Customize Form to set levels on fields.
You cannot install this app,You cannot install this app
You have unsaved changes in this form. Please save before you continue.,You have unsaved changes in this form. Please save before you continue.
You need to be logged in and have System Manager Role to be able to access backups.,You need to be logged in and have System Manager Role to be able to access backups.
You need write permission to rename,You need write permission to rename
"Your download is being built, this may take a few moments...","Your download is being built, this may take a few moments..."
[Label]:[Field Type]/[Options]:[Width],[Label]:[Field Type]/[Options]:[Width]
add your own CSS (careful!),dodaj własny arkusz CSS (ostrożnie!)
adjust,adjust
align-center,align-center
align-justify,align-justify
align-left,align-left
align-right,align-right
and,and
arrow-down,arrow-down
arrow-left,arrow-left
arrow-right,arrow-right
arrow-up,arrow-up
asterisk,asterisk
backward,backward
ban-circle,ban-circle
barcode,
beginning with,beginning with
bell,bell
bold,bold
book,book
bookmark,bookmark
briefcase,briefcase
bullhorn,bullhorn
calendar,kalendarz
camera,camera
certificate,certificate
check,
chevron-down,chevron-down
chevron-left,chevron-left
chevron-right,chevron-right
chevron-up,chevron-up
circle-arrow-down,circle-arrow-down
circle-arrow-left,circle-arrow-left
circle-arrow-right,circle-arrow-right
circle-arrow-up,circle-arrow-up
cog,cog
comment,
comments,
dd-mm-yyyy,dd-mm-yyyy
dd/mm/yyyy,dd/mm/yyyy
download,
download-alt,download-alt
edit,edytuj
eject,eject
envelope,envelope
exclamation-sign,exclamation-sign
eye-close,eye-close
eye-open,eye-open
facetime-video,facetime-video
fast-backward,fast-backward
fast-forward,fast-forward
file,
film,film
filter,
fire,fire
flag,flag
folder-close,folder-close
folder-open,folder-open
font,font
forward,forward
found,znaleziono
fullscreen,fullscreen
gift,gift
glass,glass
globe,globe
hand-down,hand-down
hand-left,hand-left
hand-right,hand-right
hand-up,hand-up
hdd,hdd
headphones,headphones
heart,heart
home,
icon,
inbox,inbox
indent-left,indent-left
indent-right,indent-right
info-sign,info-sign
is not allowed.,is not allowed.
italic,italic
leaf,leaf
lft,
list,lista
list-alt,list-alt
lock,lock
lowercase,lowercase
magnet,magnet
map-marker,map-marker
memcached is not working / stopped. Please start memcached for best results.,memcached is not working / stopped. Please start memcached for best results.
minus,minus
minus-sign,minus-sign
mm-dd-yyyy,mm-dd-yyyy
mm/dd/yyyy,mm/dd/yyyy
move,
music,
none of,none of
off,off
ok,ok
ok-circle,ok-circle
ok-sign,ok-sign
one of,one of
or,or
pause,pause
pencil,pencil
picture,picture
plane,plane
play,play
play-circle,play-circle
plus,plus
plus-sign,plus-sign
print,
qrcode,qrcode
question-sign,question-sign
random,
refresh,
remove,
remove-circle,remove-circle
remove-sign,remove-sign
repeat,repeat
resize-full,resize-full
resize-horizontal,resize-horizontal
resize-small,resize-small
resize-vertical,resize-vertical
retweet,retweet
rgt,
road,road
screenshot,screenshot
search,
share,
share-alt,share-alt
shopping-cart,shopping-cart
signal,signal
star,star
star-empty,star-empty
step-backward,step-backward
step-forward,step-forward
stop,
tag,
tags,
"target = ""_blank""","target = ""_blank"""
tasks,
text-height,text-height
text-width,text-width
th,th
th-large,th-large
th-list,th-list
thumbs-down,thumbs-down
thumbs-up,thumbs-up
time,
tint,tint
to,
trash,trash
upload,
user,
user_image_show,user_image_show
values and dates,values and dates
volume-down,volume-down
volume-off,volume-off
volume-up,volume-up
warning-sign,warning-sign
wrench,wrench
yyyy-mm-dd,yyyy-mm-dd
zoom-in,zoom-in
zoom-out,zoom-out
{0} by {1},{0} by {1}
{0} cannot be set for Single types,{0} cannot be set for Single types
{0} does not exist in row {1},{0} does not exist in row {1}
{0} in row {1} cannot have both URL and child items,{0} in row {1} cannot have both URL and child items
{0} is not a valid email id,{0} is not a valid email id
{0} is required,{0} is required
{0} is saved,{0} is saved
{0} must be one of {1},{0} must be one of {1}
{0} not a valid State,{0} not a valid State
{0} not allowed in fieldname {1},{0} not allowed in fieldname {1}
{0} not allowed in name,{0} not allowed in name
{0} not allowed to be renamed,{0} not allowed to be renamed
{0} updated,{0} updated
{0} {1} already exists,{0} {1} already exists
{0} {1} cannot be a leaf node as it has children,{0} {1} cannot be a leaf node as it has children
"{0} {1} does not exist, select a new target to merge","{0} {1} does not exist, select a new target to merge"
{0}: Cannot set Amend without Cancel,{0}: Cannot set Amend without Cancel
{0}: Cannot set Assign Amend if not Submittable,{0}: Cannot set Assign Amend if not Submittable
{0}: Cannot set Assign Submit if not Submittable,{0}: Cannot set Assign Submit if not Submittable
{0}: Cannot set Cancel without Submit,{0}: Cannot set Cancel without Submit
{0}: Cannot set Import without Create,{0}: Cannot set Import without Create
"{0}: Cannot set Submit, Cancel, Amend without Write","{0}: Cannot set Submit, Cancel, Amend without Write"
{0}: Cannot set import as {1} is not importable,{0}: Cannot set import as {1} is not importable
"{0}: Create, Submit, Cancel and Amend only valid at level 0","{0}: Create, Submit, Cancel and Amend only valid at level 0"
{0}: No basic permissions set,{0}: No basic permissions set
"{0}: Only one rule allowed with the same Role, Level and Apply User Permissions","{0}: Only one rule allowed with the same Role, Level and Apply User Permissions"
{0}: Permission at level 0 must be set before higher levels are set,{0}: Permission at level 0 must be set before higher levels are set
{app_title},{app_title}
