 by Role ,por função
 is not set,não está definido
"""Company History""",&quot;Histórico da Empresa&quot;
"""Team Members"" or ""Management""",&quot;Membros da Equipe&quot; ou &quot;Gerenciamento&quot;
'In List View' not allowed for type {0} in row {1},«Tendo em conta List ' não é permitido para o tipo {0} na linha {1}
0 - Draft; 1 - Submitted; 2 - Cancelled,0 - Projecto; 1 - Enviado; 2 - Cancelado
0 is highest,0 é maior
"000 is black, fff is white","000 é preto, é branco fff"
2 days ago,Há 2 dias
"<a href=""https://en.wikipedia.org/wiki/Transport_Layer_Security"" target=""_blank"">[?]</a>","<a href=""https://en.wikipedia.org/wiki/Transport_Layer_Security"" target=""_blank""> [?] </ a>"
"<a onclick=""msgprint('<ol>\<li><b>field:[fieldname]</b> - By Field\<li><b>naming_series:</b> - By Naming Series (field called naming_series must be present\<li><b>Prompt</b> - Prompt user for a name\<li><b>[series]</b> - Series by prefix (separated by a dot); for example PRE.#####\</ol>')"">Naming Options</a>","<A onclick = ""msgprint ('<ol> \ <li> <b> campo: [nome do campo] </ b> - Por Campos \ <li> <b> naming_series: </ b > - nomeando Series (campo chamado naming_series deve estar presente \ <li> <b> Prompt </ b> - Avisar usuário para um nome de \ <li> <b> [série] </ . b> - Series by prefixo (separados por um ponto), por exemplo PRE # # # # # \ </ ol> ') ""> Naming Opções </ a>"
<b>new</b> <i>type of document</i>,<b> novo </ b> <i> tipo de documento </ i>
"<i>document type...</i>, e.g. <b>customer</b>","tipo de documento <i> ... </ i>, por exemplo <b> cliente </ b>"
<i>e.g. <strong>(55 + 434) / 4</strong> or <strong>=Math.sin(Math.PI/2)</strong>...</i>,<i> por exemplo <strong> (55 + 434) / 4 </ strong> ou = <strong> Math.sin (Math.PI / 2) </ strong> ... </ i>
<i>module name...</i>,<i> nome do módulo ... </ i>
<i>text</i> <b>in</b> <i>document type</i>,texto <i> </ i> <b> em </ b> <i> tipo de documento </ i>
A user can be permitted to multiple records of the same DocType.,Um usuário pode ter permissão para vários registros do mesmo DocType.
About,Sobre
About Us Settings,Configurações do Quem Somos
About Us Team Member,Sobre Nós - Membros da Equipe
Action,Ação
Actions,Ações
"Actions for workflow (e.g. Approve, Cancel).","Ações para o fluxo de trabalho (por exemplo, Aprovar , Cancelar) ."
Add,Adicionar
Add A New Rule,Adicionar uma Nova Regra
Add A User Permission,Adicionar uma permissão de usuário
Add Attachments,Adicionar Anexos
Add Bookmark,Adicionar marcadores
Add CSS,Adicionar CSS
Add Column,Adicionar Coluna
Add Google Analytics ID: eg. UA-89XXX57-1. Please search help on Google Analytics for more information.,"Adicione o ID do Google Analytics: ex. UA-89XXX57-1. Por favor, procure ajuda no Google Analytics para obter mais informações."
Add Message,Adicionar Mensagem
Add New Permission Rule,Adicionar Nova Regra de Permissão
Add Reply,Adicionar Resposta
Add Total Row,Adicionar Linha de Total
Add a New Role,Adicionar um Novo Perfil
Add a banner to the site. (small banners are usually good),Adicionar um banner para o site. (Pequenos banners geralmente são melhores)
Add all roles,Adicione todos os perfis
Add attachment,Adicionar anexo
Add code as &lt;script&gt;,Adicionar código como &lt;script&gt;
Add custom javascript to forms.,Adicionar javascript personalizado aos formulários.
Add fields to forms.,Adiciona campos de formulários.
Add multiple rows,Adicionar várias linhas
Add new row,Adicionar nova linha
"Add the name of <a href=""http://google.com/webfonts"" target=""_blank"">Google Web Font</a> e.g. ""Open Sans""","Adicione o nome do <a href=""http://google.com/webfonts"" target=""_blank"">Google Web Font</a> por exemplo, &quot;Sans Abertas&quot;"
Add to To Do,Adicionar à Lista de Tarefas
Add to To Do List Of,Adicionar à Lista de tarefas de
Added {0} ({1}),Adicionado {0} ({1})
Adding System Manager to this User as there must be atleast one System Manager,Adicionando este usuário como System Manager pois deve haver pelo menos um System Manager
Additional Info,Informações Adicionais
Additional Permissions,Permissões adicionais
Address,Endereço
Address Line 1,Endereço
Address Line 2,Complemento
Address Title,Título do Endereço
Address and other legal information you may want to put in the footer.,Endereço e outras informações legais que você pode querer colocar no rodapé.
Admin,Administrador
All Applications,Todos os aplicativos
All Day,Todo o Dia
All customizations will be removed. Please confirm.,Todas as personalizações serão removidos. Por favor confirme.
"All possible Workflow States and roles of the workflow. <br>Docstatus Options: 0 is""Saved"", 1 is ""Submitted"" and 2 is ""Cancelled""","Todos os possíveis Estados de Fluxo de Trabalho e as funções do fluxo de trabalho. <br> Docstatus Opções: 0 é &quot;Salvo&quot;, 1 é &quot;Enviado&quot; e 2 é &quot;Cancelado&quot;"
Allow Attach,Permitir Anexos
Allow Import,Permitir a importação
Allow Import via Data Import Tool,Permitir a importação de dados através de ferramenta de importação
Allow Rename,Permitir Renomear
Allow on Submit,Permitir ao Enviar
Allow user to login only after this hour (0-24),Permitir que o usuário faça o login somente após este horário (0-24)
Allow user to login only before this hour (0-24),Permitir que o usuário faça o login somente antes deste horário (0-24)
Allowed,Permitido
"Allowing DocType, DocType. Be careful!","Permitindo DocType , DocType . Tenha cuidado !"
Already Registered,Já está registrado
Already in user's To Do list,Já está na lista de tarefas do usuário
Alternative download link,Link alternativo para download
"Alternatively, you can also specify 'auto_email_id' in site_config.json","De forma alternativa, você também pode especificar 'auto_email_id ' em site_config.json"
Always use above Login Id as sender,Use sempre ID de login acima como remetente
Amend,Corrigir
"An icon file with .ico extension. Should be 16 x 16 px. Generated using a favicon generator. [<a href=""http://favicon-generator.org/"" target=""_blank"">favicon-generator.org</a>]","Um arquivo de ícone com extensão .ico. Deve ser de 16 x 16 px. Gerado usando um gerador de favicon. [ <a href=""http://favicon-generator.org/"" target=""_blank"">favicon-generator.org</a> ]"
"Another {0} with name {1} exists, select another name","Outra {0} com o nome {1} existe , selecione outro nome"
Any existing permission will be deleted / overwritten.,Qualquer permissão existente será excluída / substituído.
Anyone Can Read,Qualquer um pode ler
Anyone Can Write,Qualquer um pode escrever
"Apart from Role based Permission Rules, you can apply User Permissions based on DocTypes.","Além de função com base em regras de permissão, você pode aplicar permissões de usuário baseado em doctypes ."
"Apart from System Manager, roles with 'Set User Permissions' right can set permissions for other users for that Document Type.","Além do Administrador do Sistema, perfis com direito 'Definir permissões de usuário' podem ​​definir permissões para outros usuários para esse tipo de documento."
App Name,Nome do App
App not found,App não encontrado
Application Installer,Instalador de Aplicativos
Applications,Aplicações
Apply Style,Aplicar Estilo
Apply User Permissions,Aplicar permissões de usuário
Are you sure you want to delete the attachment?,Tem certeza de que deseja excluir o anexo?
Arial,Arial
"As a best practice, do not assign the same set of permission rule to different Roles. Instead, set multiple Roles to the same User.","Como uma prática recomendada , não atribua o mesmo conjunto de regras de permissão para diferentes funções. Em vez disso, definir várias funções para o mesmo usuário."
Ascending,Ascendente
Assign To,Atribuir a
Assigned By,Atribuído por
Assigned To,Atribuído a
Assigned To Fullname,Atribuído ao Nome Completo
Assigned To/Owner,Atribuído a / Proprietário
Assignment Added,Atribuição Adicionado
Assignment Status Changed,Status de Atribuição Alterado
Assignments,Atribuições
Attach,Anexar
Attach Document Print,Anexar Cópia do Documento
Attach as web link,Anexar como link da web
Attached To DocType,Anexado ao Doctype
Attached To Name,Anexado Para Nome
Attachments,Anexos
Auto Email Id,Endereço dos E-mails Automáticos
Auto Name,Nome Automático
Auto generated,Gerado Automaticamente
Avatar,Avatar
Back to Login,Voltar para o Login
Background Color,Cor de Fundo
Background Image,Imagem de Fundo
Background Style,Estilo do Fundo
Banner,Faixa
Banner HTML,Faixa HTML
Banner Image,Imagem do Banner
Banner is above the Top Menu Bar.,A faixa está acima da barra de menu superior.
Begin this page with a slideshow of images,Comece esta página com um slideshow de imagens
Beginning with,Começando com
Belongs to,Pertence à
Bio,Bio
Birth Date,Data de Nascimento
Blog Category,Categoria do Blog
Blog Intro,Introdução do Blog
Blog Introduction,Introdução do Blog
Blog Post,Mensagem do Blog
Blog Settings,Configurações do Blog
Blog Title,Título do Blog
Blogger,Blogueiro
Bookmarks,Marcadores
Both login and password required,Login e senha necessários
Brand HTML,Marca HTML
Bulk Email,E-mail em massa
Bulk email limit {0} crossed,Limite de e-mail em massa {0} ultrapassou
Button,Botão
By,Por
Calculate,Calcular
Calendar,Calendário
Cancel,Cancelar
Cancelled,Cancelado
"Cannot Edit {0} directly: To edit {0} properties, create / update {1}, {2} and {3}","Não é possível editar {0} diretamente : Para editar {0} propriedades , criar / atualizar {1}, {2} e {3}"
Cannot Update: Incorrect / Expired Link.,Não é possível atualizar : Link incorreto / expirado.
Cannot Update: Incorrect Password,Não é possível atualizar : Senha incorreta
Cannot add more than 50 comments,Não é possível adicionar mais de 50 comentários
Cannot cancel before submitting. See Transition {0},Não pode cancelar antes de enviar.
Cannot change picture,Não é possível alterar a imagem
Cannot change state of Cancelled Document. Transition row {0},Não é possível alterar o estado de Documento Cancelado .
Cannot change {0},Não é possível alterar {0}
Cannot delete or cancel because {0} {1} is linked with {2} {3},Não é possível excluir ou cancelar porque {0} {1} está ligada a {2} {3}
Cannot delete {0} as it has child nodes,"Não é possível excluir {0} , pois tem nós filhos"
Cannot edit standard fields,Não é possível editar campos padrão
Cannot map because following condition fails: ,Não é possível mapear porque seguinte condição de falha:
Cannot open instance when its {0} is open,"Não é possível abrir instância , quando o seu {0} é aberto"
Cannot open {0} when its instance is open,Não é possível abrir {0} quando sua instância está aberta
Cannot print cancelled documents,Não é possível imprimir documentos cancelados
Cannot remove permission for DocType: {0} and Name: {1},Não é possível remover a permissão para DocType: {0} e Nome: {1}
Cannot reply to a reply,Não pode responder a uma resposta
Cannot set Email Alert on Document Type {0},Não é possível definir Alerta E-mail em Tipo de Documento {0}
Cannot set permission for DocType: {0} and Name: {1},Não é possível definir a permissão para DocType: {0} e Nome: {1}
Categorize blog posts.,Categorizar posts.
Category,Categoria
Category Name,Nome da Categoria
Center,Centro
"Certain documents, like an Invoice, should not be changed once final. The final state for such documents is called Submitted. You can restrict which roles can Submit.","Alguns documentos , como uma fatura , não deve ser trocada uma vez final. O estado final de tais documentos é chamado Enviado. Você pode restringir quais funções pode se submeter."
"Change field properties (hide, readonly, permission etc.)","Alterar as propriedades do campo (esconder , readonly , permissão etc )"
Chat,Conversar
Check,Verificar
Check / Uncheck roles assigned to the User. Click on the Role to find out what permissions that Role has.,Marque / Desmarque funções atribuídas ao perfil. Clique sobre a Função para verificar que permissões a função tem.
Check this if you want to send emails as this id only (in case of restriction by your email provider).,Marque esta opção se você quiser enviar e-mails como este só id (no caso de restrição pelo seu provedor de e-mail).
Check this to make this the default letter head in all prints,Marque esta opção para tornar este o cabeçalho padrão em todas as impressões
Check which Documents are readable by a User,Confira quais os documentos são lidos por um Usuário
Checked items shown on desktop,Itens verificados mostrados na área de trabalho
Child Tables are shown as a Grid in other DocTypes.,Tabelas-filhas são mostradas como uma grade nos outros DocTypes.
City,Cidade
Classic,Clássico
Clear Cache,Limpar Cache
Clear all roles,Desmarque todas as funções
Click on a link to get options,Clique em um link para obter opções
Click on row to view / edit.,Clique na fila para ver / editar .
Client,Cliente
Client-side formats are now deprecated,Formatos do lado do cliente são agora obsoletas
Close,Fechar
Close: {0},Fechar: {0}
Closed,Fechado
Code,Código
Collapse,colapso
Column Break,Quebra de coluna
Comment,Comentário
Comment By,Comentário por
Comment By Fullname,Comentário por Nome Completo
Comment Date,Data do Comentário
Comment Docname,Comentário docName
Comment Doctype,Comentário Doctype
Comment Time,Horário do Comentário
Comments,Comentários
Communication,Comunicação
Communication Medium,Meio de comunicação
Company History,Histórico da Empresa
Company Introduction,Introdução da Empresa
Complaint,Reclamação
Complete By,Completar em
Condition,Condição
Contact Us Settings,Configurações do Fale Conosco
"Contact options, like ""Sales Query, Support Query"" etc each on a new line or separated by commas.","Opções de contato, como &quot;Consulta de Vendas, Consulta de suporte&quot;, etc cada uma em uma nova linha ou separadas por vírgulas."
Content,Conteúdo
Content Hash,Hash conteúdo
Content in markdown format that appears on the main side of your page,Conteúdos em formato markdown que aparecem no lado principal de sua página
Content web page.,Página web de conteúdo.
Controller,controlador
Copy,Copie
Copyright,Direitos autorais
Core,Núcleo
Could not connect to outgoing email server,Não foi possível conectar ao servidor de e-mails enviados
Could not find {0},Não foi possível encontrar {0}
Count,contar
Country,País
Create,Criar
Create a new {0},Criar um novo {0}
Created Custom Field {0} in {1},Criado campo personalizado {0} em {1}
Created Customer Issue,Problema do Cliente Criado
Created Opportunity,Oportunidade Criada
Created Support Ticket,Ticket de Suporte Criado
Creation / Modified By,Criação / Modificado por
Currency,Moeda
Current status,Estado Atual
Custom CSS,CSS personalizado
Custom Field,Campo personalizado
Custom Javascript,Personalizado Javascript
Custom Reports,Relatórios personalizados
Custom Script,Script personalizado
Custom?,Personalizado?
Customize,Personalize
Customize Form,Personalize Formulário
Customize Form Field,Personalize campo de formulário
"Customize Label, Print Hide, Default etc.","Personalize Etiquetas, Cabeçalhos, Padrões, etc"
Customized HTML Templates for printing transctions.,Templates HTML personalizadas para transctions impressão.
Daily Event Digest is sent for Calendar Events where reminders are set.,O resumo de eventos diário é enviado para Calendário de eventos onde os lembretes são definidos.
Danger,Perigo
Data,Dados
Data Import / Export Tool,Ferramenta de importação / exportação de dados
Data Import Tool,Ferramenta de Importação de Dados
Data missing in table,Falta de dados na tabela
Date,Data
Date Change,Mudança de data
Date Changed,Data Modificada
Date Format,Formato da data
Date and Number Format,Data e Formato de número
Date must be in format: {0},A data deve estar no formato : {0}
Datetime,Datetime
Days in Advance,Dias de antecedência
Dear,Caro
Default,Padrão
Default Print Format,Formato de impressão padrão
Default Value,Valor padrão
Default is system timezone,O padrão é fuso horário do sistema
"Default: ""Contact Us""",Default: &quot;Fale Conosco&quot;
DefaultValue,Valor padrão
Defaults,Padrões
"Define read, write, admin permissions for a Website Page.","Definir ler, escrever , as permissões de administrador para um site de página."
Define workflows for forms.,Defina fluxos de trabalho para formulários.
Delete,Excluir
Delete Row,Apagar Linha
Depends On,Depende
Descending,Descendente
Description,Descrição
Description and Status,Descrição e Estado
"Description for listing page, in plain text, only a couple of lines. (max 140 characters)","Descrição da página perfil, em texto simples, apenas um par de linhas. (Máximo 140 caracteres)"
Description for page header.,Descrição cabeçalho da página.
Desktop,Área de trabalho
Details,Detalhes
Did not add,Não adicionar
Did not cancel,Não cancelou
Did not find {0} for {0} ({1}),Não encontrou {0} para {0} ( {1})
Did not load,Não carregue
Did not remove,Não remova
Did not save,Não salvou
"Different ""States"" this document can exist in. Like ""Open"", ""Pending Approval"" etc.","&quot;Estados&quot; diferentes em que esse documento pode existir. Como &quot;Aberto&quot;, &quot;Aprovação Pendente&quot;, etc"
Disable Customer Signup link in Login page,Cliente ligação Cadastro Desativar página de login
Disable Signup,Desativar Registre-se
Disabled,Desativado
Display,exibição
Display Settings,Configurações de exibição
Display in the sidebar of this Website Route node,Exibição na barra lateral deste nó Route site
Do not allow user to change after set the first time,Não permitir que o usuário altere após definir o primeiro tempo
Doc Status,Estado do Documento
DocField,DocField
DocPerm,DocPerm
DocType,DocType
DocType Details,Detalhes do DocType
DocType can not be merged,DocType não podem ser mescladas
DocType on which this Workflow is applicable.,DocType em que este fluxo de trabalho é aplicável.
DocType or Field,DocType ou Campo
Doclist JSON,DocList JSON
Docname,docname
Document,Documento
Document Status transition from ,Documento transição Estado de
Document Status transition from {0} to {1} is not allowed,Transição Status do Documento de {0} para {1} não é permitido
Document Type,Tipo de Documento
Document is only editable by users of role,Documento só é editável por usuários da função
Documentation,Documentação
Documents,Documentos
Download,baixar
Download Backup,Baixar o Backup
Download link for your backup will be emailed on the following email address:,Link de download para o seu backup será enviado por email no seguinte endereço electrónico:
Drafts,Rascunhos
Drag to sort columns,Arraste para classificar colunas
Due Date,Data de Vencimento
Duplicate name {0} {1},Nome duplicado {0} e {1}
Dynamic Link,Link dinâmico
ERPNext Demo,ERPNext Demonstração
Edit,Editar
Edit Permissions,editar Permissões
Editable,Editável
Email,E-mail
Email Alert,Alerta E-mail
Email Alert Recipient,Email de Alerta Destinatário
Email Alert Recipients,Recipientes de Alerta e-mail
Email By Document Field,Email por documento Campo
Email Footer,Email Rodapé
Email Host,Host do e-mail
Email Id,Endereço de e-mail
Email Login,Login do e-mail
Email Password,Senha do e-mail
Email Sent,E-mail enviado
Email Settings,Configurações de e-mail
Email Signature,Assinatura de e-mail
Email Use SSL,Usar SSL no e-mail
Email address,endereço de email
"Email addresses, separted by commas","Endereços de email, separados por vírgulas"
Email not verified with {1},Enviar não verificado com {1}
Email sent to {0},E-mail enviado para {0}
Email...,E-mail ...
Emails are muted,Os e-mails são silenciados
Embed image slideshows in website pages.,Incorporar apresentações de imagem em páginas do site.
Enable,permitir
Enable Comments,Ativação de comentários
Enable Scheduled Jobs,Ativar Jobs agendadas
Enabled,Habilitado
Ends on,Termina em
Enter Form Type,Digite o Tipo de Formulário
Enter Value,Digite o Valor
Enter at least one permission row,Digite pelo menos uma linha permissão
"Enter default value fields (keys) and values. If you add multiple values for a field, the first one will be picked. These defaults are also used to set ""match"" permission rules. To see list of fields, go to <a href=""#Form/Customize Form/Customize Form"">Customize Form</a>.","Digite campos de valor padrão (chaves) e valores. Se você adicionar vários valores para um campo, o primeiro vai ser escolhido. Esses padrões são usados também para definir regras de permissão de &quot;combinação&quot;. Para ver a lista de campos, vá para <a href=""#Form/Customize Form/Customize Form"">Personalizar formulário</a> ."
"Enter keys to enable login via Facebook, Google, GitHub.","Enter para ativar o login via Facebook , Google, GitHub ."
Equals,Equals
Error,Erro
"Error generating PDF, attachment sent as HTML","Geradora de erro PDF, anexo enviado como HTML"
Error: Document has been modified after you have opened it,Erro: O documento foi modificado depois de abri-la
Event,Evento
Event Datetime,Evento de data e hora
Event Individuals,Indivíduos do Evento
Event Role,Função do Evento
Event Roles,Funções do Evento
Event Type,Tipo de Evento
Event User,Usuário do Evento
Event end must be after start,Evento final deve ser após o início
Events,Eventos
Events In Today's Calendar,Eventos no calendário de hoje
Every Day,Every Day
Every Month,Todos os meses
Every Week,Todas as semanas
Every Year,Todo Ano
Everyone,Todos
Example:,Exemplo:
Expand,expandir
Export,Exportar
Export not allowed. You need {0} role to export.,Exportação não é permitido . Você precisa de {0} papel para exportar .
Exported,exportado
"Expression, Optional","Expressão, Opcional"
Facebook,Facebook
Facebook Client ID,Facebook Cliente ID
Facebook Client Secret,Facebook Cliente Segredo
Facebook Share,Compartilhar no Facebook
Facebook User ID,ID de usuário do Facebook
Facebook Username,Usuário do Facebook
FavIcon,FavIcon
Female,Feminino
Field Description,Descrição do Campo
Field Name,Nome do Campo
Field Type,Tipo de Campo
"Field that represents the Workflow State of the transaction (if field is not present, a new hidden Custom Field will be created)","Campo que representa o Estado da transação do fluxo de trabalho (se o campo não estiver presente, um novo campo oculto personalizado será criado)"
Field {0} in row {1} cannot be hidden and mandatory without default,"O campo {0} na linha {1} não pode ser escondido e obrigatória , sem padrão"
Field {0} is not selectable.,O campo {0} não é selecionável.
Field {0} of type {1} cannot be mandatory,O campo {0} do tipo {1} não pode ser obrigatória
Fieldname,Nome do Campo
Fieldname is required in row {0},Fieldname é necessária em linha {0}
Fieldname not set for Custom Field,Fieldname não definida para campo personalizado
Fieldname which will be the DocType for this link field.,Fieldname que será TipoDoc para este campo de ligação.
Fieldname {0} appears multiple times in rows {1},Fieldname {0} aparece várias vezes em linhas {1}
"Fieldname {0} cannot contain letters, numbers or spaces","Fieldname {0} não pode conter letras, números ou espaços"
Fields,Campos
"Fields separated by comma (,) will be included in the<br /><b>Search By</b> list of Search dialog box","Campos separados por vírgula (,) serão incluídos na lista <br /> <b>Pesquisa por</b> da caixa de diálogo Pesquisar"
Fieldtype cannot be changed from {0} to {1} in row {2},FieldType não pode ser alterado a partir de {0} a {1} em linha {2}
File,Arquivo
File Data,Dados de arquivo
File Name,Nome do arquivo
File Size,Tamanho
File URL,URL do arquivo
File not attached,Arquivo não ligado
File size exceeded the maximum allowed size of {0} MB,O tamanho do arquivo excedeu o tamanho máximo permitido de {0} MB
Fill Screen,Preencha Tela
Filter,Filtre
Filter records based on User Permissions defined for a user,Filtrar registros com base em permissões de usuário definidos para um usuário
Filters,Filtros
Find {0} in {1},Localizar {0} em {1}
First Name,Nome
Float,Float
Float Precision,Precisão flutuante
Font (Heading),Font (rubrica)
Font (Text),Fonte (texto)
Font Size,Tamanho da Fonte
Font Size (Text),Tamanho da fonte (texto)
Fonts,Fontes
Footer,Rodapé
Footer Background,Rodapé Fundo
Footer Items,Itens do Rodapé
Footer Text,Rodapé Texto
For DocType,para TipoDoc
"For Links, enter the DocType as rangeFor Select, enter list of Options separated by comma","Para Links, entrar no DocType como gama  Para Select, lista de opções separadas por vírgula entrar"
"For comparative filters, start with","Para filtros comparativos, comece com"
For example if you cancel and amend 'INV004' it will become a new document 'INV004-1'. This helps you to keep track of each amendment.,"Por exemplo, se você cancelar e alterar &#39;INV004&#39; ele vai se tornar um novo documento &quot;INV004-1&#39;. Isso ajuda você a manter o controle de cada alteração."
For ranges,Para faixas
For top bar,Para barra superior
For {0} at level {1} in {2} in row {3},Por {0} a nível {1} em {2} na linha {3}
Forgot Password,Esqueceu a senha
Forgot Password?,Esqueceu a senha?
Form,forma
Forum,Fórum
Forums,Fóruns
Forward To Email Address,Encaminhar para E-mail
Frappe Framework,Frapê Quadro
Friday,Sexta-feira
From Date must be before To Date,A data inicial deve ser anterior a data final
Full Name,Nome Completo
Gantt Chart,Gráfico de Gantt
Gender,Sexo
Generator,gerador
Georgia,Geórgia
Get,Obter
Get From ,Obter do
"Get your globally recognized avatar from <a href=""https://gravatar.com/"">Gravatar.com</a>","Obtenha seu avatar reconhecido globalmente de <a href=""https://gravatar.com/""> Gravatar.com </ a>"
GitHub,GitHub
GitHub Client ID,GitHub Cliente ID
GitHub Client Secret,GitHub Cliente Secreto
Github User ID,Github ID do usuário
Github Username,github usuário
Google,Google
Google Analytics ID,ID do Google Analytics
Google Client ID,Google Cliente ID
Google Client Secret,Google Cliente Secreto
Google Plus One,Google Plus One
Google User ID,Google ID do usuário
Google Web Font (Heading),Google Web Font (rubrica)
Google Web Font (Text),Google Web Font (Texto)
Greater or equals,Maior ou igual
Greater than,maior do que
"Group Added, refreshing...","Grupo Adicionado, refrescante ..."
Group Description,Descrição do grupo
Group Name,Nome do grupo
Group Title,Título Grupo
Group Type,Tipo de Grupo
Groups,Grupos
HTML for header section. Optional,HTML para a seção de cabeçalho. opcional
Have an account? Login,Já possui uma conta? login
Header,Cabeçalho
Heading,Título
Heading Text As,Como o texto do título
Help,Ajuda
Help on Search,Ajuda na Pesquisa
Helvetica Neue,Helvetica Neue
Hidden,Escondido
Hide Actions,Ocultar Ações
Hide Copy,Ocultar Copia
Hide Heading,Ocultar Título
Hide Toolbar,Ocultar barra de ferramentas
Hide the sidebar,Ocultar a barra lateral
High,Alto
Highlight,Realçar
History,Histórico
Home Page,Página Inicial
Home Page is Products,Página Inicial é Produtos
ID (name) of the entity whose property is to be set,ID (nome) da entidade cuja propriedade é para ser definida
Icon,Ícone
Icon will appear on the button,O ícone aparecerá no botão
"If a Role does not have access at Level 0, then higher levels are meaningless.","Se uma função não tem acesso no nível 0, então os níveis mais altos são sem sentido."
"If checked, all other workflows become inactive.","Se marcada, todos os outros fluxos de trabalho tornam-se inativos."
"If checked, the Home page will be the default Item Group for the website.","Se marcado, a página inicial do site será o Grupo de Itens padrão."
"If image is selected, color will be ignored (attach first)","Se a imagem for selecionada, a cor será ignorada (anexar primeiro)"
If non standard port (e.g. 587),"Se não for a porta padrão (por exemplo, 587)"
"If these instructions where not helpful, please add in your suggestions on GitHub Issues.","Se estas instruções , onde não é útil , por favor, adicione suas sugestões sobre questões GitHub ."
"If you set this, this Item will come in a drop-down under the selected parent.","Se você definir isso, este item virá em um drop-down sob o pai selecionado ."
Ignore User Permissions,Ignorar permissões de usuário
"Ignoring Item {0}, because a group exists with the same name!","Ignorando item {0}, porque um grupo existe com o mesmo nome!"
Image,Imagem
Image Link,Link da imagem
Import,Importar
Import / Export Data,Importação / Exportação de Dados
Import / Export Data from .csv files.,Importação / Exportação de Dados . Csv .
In,em
In Dialog,Em diálogo
In Filter,Em Filtro
In List View,Na exibição de lista
In Report Filter,No Filtro do Relatório
In points. Default is 9.,Em pontos. O padrão é 9.
In response to,Em resposta ao(s)
Incorrect value in row {0}: {1} must be {2} {3},Valor incorreto na linha {0} : {1} deve ser {2} {3}
Incorrect value: {0} must be {1} {2},Valor incorreto: {0} deve ser {1} {2}
Index,Índice
Individuals,Indivíduos
Info,Informações
Insert After,Inserir Após
"Insert After field '{0}' mentioned in Custom Field '{1}', does not exist","Inserir Depois campo '{0}' mencionado no Campo personalizado '{1}' , não existe"
Insert Below,Inserir Abaixo
Insert Code,Inserir Código
Insert Row,Inserir Linha
Insert Style,Inserir Estilo
Install Applications.,Instalar aplicações .
Installed,instalado
Installer,Instalador
Int,Int
Integrations,Integrações
Introduce your company to the website visitor.,Apresente sua empresa para o visitante do site.
Introduction,Introdução
Introductory information for the Contact Us Page,Informação introdutória para a página Fale Conosco
Invalid Email: {0},E-mail inválido : {0}
Invalid Filter: {0},Filtro inválido: {0}
Invalid Home Page,Inválido Página Inicial
Invalid Login,Login Inválido
Invalid Outgoing Mail Server or Port,Inválido Outgoing Mail Server ou Porto
Invalid login or password,Login ou senha inválido
Invalid recipient address,Endereço do destinatário inválido
Inverse,Inverso
Is Active,É Ativo
Is Child Table,É tabela filho
Is Default,É padrão
Is Event,é o evento
Is Mandatory Field,É campo obrigatório
Is Single,É único
Is Standard,É Padrão
Is Submittable,É enviável
Is Task,é Task
Item cannot be added to its own descendents,O artigo não pode ser acrescentado para os seus próprios descendentes
JavaScript Format: frappe.query_reports['REPORTNAME'] = {},JavaScript Formato: frappe.query_reports [' REPORTNAME '] = {}
Javascript,Javascript
Javascript to append to the head section of the page.,Javascript para acrescentar ao cabeçalho da página.
Key,Chave
Label,Etiqueta
Label Help,Ajuda sobre etiquetas
Label and Type,Etiqueta e Tipo
Label is mandatory,Etiqueta é obrigatório
Landing Page,Página de chegada
Language,Idioma
Language preference for user interface (only if available).,Idioma de preferência para interface de usuário (se disponível).
"Language, Date and Time settings","Configurações de idioma , data e hora"
Last IP,Último IP
Last Login,Último Login
Last Name,Sobrenome
Last updated by,Última actualização por
Lastmod,lastmod
Lato,Lato
Leave blank to repeat always,Deixe em branco para repetir sempre
Left,Esquerda
Less or equals,Menor ou igual
Less than,menor que
Letter,Carta
Letter Head,Timbrado
Letter Head Name,Nome do timbrado
Letter Head in HTML,Cabeça Carta em HTML
Level,Nível
"Level 0 is for document level permissions, higher levels for field level permissions.","Nível 0 é para permissões em nível de documento, os níveis mais elevados são permissões em nível de campo."
Like,como
Link,Link
"Link that is the website home page. Standard Links (index, login, products, blog, about, contact)","Link que é a home page do site. Links padrão (index, login, produtos , blog, sobre , entre em contato )"
Link to other pages in the side bar and next section,Link para outras páginas na barra lateral e seção seguinte
Link to the page you want to open,Link para a página que você deseja abrir
Linked In Share,Linked In Compartilhar
Linked With,Ligado com
List,Lista
List a document type,Lista de um tipo de documento
List of Web Site Forum's Posts.,Lista de Mensagens do Fórum Web Site.
Loading,Carregando
Loading Report,Relatório de carregamento
Loading...,Carregando ...
Localization,localização
Location,localização
Log of error on automated events (scheduler).,Log de ​​erro sobre eventos automatizados ( programador ) .
Login,login
Login After,Login após
Login Before,Login antes
Login Id,ID de Login
Login not allowed at this time,Entrada não permitida neste momento
Logout,Sair
Long Text,Texto Longo
Low,Baixo
Lucida Grande,Lucida Grande
Mail Password,Senha do E-mail
Main Section,Seção Principal
Make a new,Fazer um novo
Make a new record,Criar um novo recorde
Male,Masculino
Manage cloud backups on Dropbox,Gerenciar backups no Dropbox
Manage uploaded files.,Gerenciar arquivos enviados.
Mandatory,Obrigatório
Mandatory fields required in {0},Os campos obrigatórios exigidos no {0}
Mandatory filters required:\n,Filtros obrigatórios exigidos : \ n
Master,Cadastro
Max Attachments,Anexos Max.
Max width for type Currency is 100px in row {0},Largura máxima para o tipo de moeda é 100px na linha {0}
"Meaning of Submit, Cancel, Amend","Significado do Enviar, Cancelar, Alterar"
Medium,Médio
"Menu items in the Top Bar. For setting the color of the Top Bar, go to <a href=""#Form/Style Settings"">Style Settings</a>","Os itens de menu na barra superior. Para definir a cor da barra superior, vá até <a href=""#Form/Style Settings"">Settings</a>"
Merging is only possible between Group-to-Group or Leaf Node-to-Leaf Node,A fusão só é possível entre o grupos 
Message,Mensagem
Message Examples,Exemplos de mensagens
Messages,Mensagens
Method,Método
Middle Name (Optional),Nome do Meio (Opcional)
Misc,Diversos
Miscellaneous,Diversos
Missing Values Required,Faltando valores obrigatórios
Modern,Moderno
Modified by,Modificado(a) por
Module,Módulo
Module Def,Módulo Def
Module Name,Nome do Módulo
Module Not Found,Módulo não encontrado
Modules Setup,Instalação de módulos
Monday,Segunda-feira
More,Mais
More content for the bottom of the page.,Mais conteúdo na parte de baixo da página.
Move Down: {0},Mover para baixo : {0}
Move Up: {0},Mover para cima : {0}
Multiple root nodes not allowed.,"Vários nós raiz, não é permitido ."
Must have report permission to access this report.,Deve ter permissão para acessar relatório deste relatório.
Must specify a Query to run,Deve especificar uma consulta para executar
My Settings,Minhas Configurações
Name,Nome
Name Case,Caso Nome
Name and Description,Nome e descrição
Name is required,Nome é obrigatório
Name not permitted,Nome não é permitida
Name not set via Prompt,Nome não definido através Prompt
Name of the Document Type (DocType) you want this field to be linked to. e.g. Customer,"Nome do Tipo de Documento (DocType) pretende que este campo a ser vinculado. por exemplo, o Cliente"
Name of {0} cannot be {1},Nome de {0} não pode ser {1}
Naming,Naming
Naming Series mandatory,Nomeando obrigatório Series
Nested set error. Please contact the Administrator.,Erro conjunto aninhado . Entre em contato com o administrador.
New,Novo
New Password,Nova senha
New Record,Novo Registro
New comment on {0} {1},Novo comentário sobre {0} {1}
New password emailed,Nova senha por e-mail
New value to be set,Novo valor a ser definido
New {0},Nova {0}
Next Communcation On,Próximo Comunicação em
Next Record,Próximo Registro
Next State,Próximo Estado
Next actions,Próximas ações
No,Não
No Action,Nenhuma ação
No Communication tagged with this ,Nenhuma comunicação com etiquetas com esta
No Copy,Nenhuma cópia
No Permissions set for this criteria.,Sem permissões definidas para este critério.
No Report Loaded. Please use query-report/[Report Name] to run a report.,"Não Relatório Loaded. Por favor, use-consulta do relatório / [Nome do relatório] para executar um relatório."
No Results,nenhum resultado
No Sidebar,No Sidebar
No User Permissions found.,Sem permissões do usuário encontrado.
No data found,Não foram encontrados dados
No file attached,No arquivo anexo
No further records,Não há mais registros
No one,Ninguém
No permission to '{0}' {1},Sem permissão para '{0} ' {1}
No permission to edit,Sem permissão para editar
No permission to write / remove.,Sem permissão para escrever / remover.
No records tagged.,Não há registros marcados.
No template found at path: {0},Nenhum modelo encontrado no caminho: {0}
No {0} permission,Sem permissão {0}
None,Nenhum
None: End of Workflow,Nenhum: Fim do fluxo de trabalho
Not Found,Não Encontrado
Not Linked to any record.,Não relacionado a qualquer registro.
Not Permitted,Não Permitido
Not Submitted,não enviado
Not a user yet? Sign up,Não é um usuário ainda? inscrever-se
Not a valid Comma Separated Value (CSV File),Não é um valor Comma Separated válido ( arquivo CSV)
Not allowed,não permitido
Not allowed from this IP Address,Não é permitido a partir deste endereço IP
Not allowed to Import,Não é permitido importar
Not allowed to access {0} with {1} = {2},Não é permitido o acesso {0} com {1} = {2}
Not allowed to change {0} after submission,Não é permitido alterar {0} após a apresentação
Not allowed to move,Não é permitido mover
Not allowed to reset the password of {0},Não permitido para redefinir a senha de {0}
Not enough permission to see links.,Sem permissão suficiente para ver os links.
Not equals,não iguais
Not found,não foi encontrado
Not in Developer Mode! Set in site_config.json,Não no modo de desenvolvedor ! Situado em site_config.json
Not permitted,não é permitido
"Note: For best results, images must be of the same size and width must be greater than height.","Nota: Para melhores resultados, as imagens devem ser do mesmo tamanho e largura não deve ser maior do que a altura."
Note: Other permission rules may also apply,Nota: Outras regras de permissão também podem se aplicar
Note: maximum attachment size = 1mb,Nota: tamanho máximo do anexo = 1MB
Nothing to show,Nada para mostrar
Nothing to show for this selection,Nada para mostrar para esta seleção
Notification Count,Contagem Notificação
Notify by Email,Notificar por e-mail
Number Format,Formato de número
Old Parent,Pai Velho
On,Em
"Once you have set this, the users will only be able access documents (eg. Blog Post) where the link exists (eg. Blogger).","Depois de ter definido isso, os usuários só poderão ser acessar documentos capazes (ex. Blog Post) onde existe a ligação (por exemplo, Blogger ) ."
Only Administrator allowed to create Query / Script Reports,Administrador só é permitido para criar Consulta / Script Relatórios
Only Administrator can save a standard report. Please rename and save.,"Somente o administrador pode salvar um relatório padrão. Por favor, renomear e salvar."
Only Allow Edit For,Somente permite edição para
Only allowed {0} rows in one import,Apenas permitidos {0} linhas em uma importação
Oops! Something went wrong,Ops! Aconteceu algo inespesado
Open,Abrir
Open Count,Abrir Contagem
Open Sans,Open Sans
Open Source Web Applications for the Web,Aplicações Web Open Source para a Web
Open a module or tool,Abra um módulo ou ferramenta
Open {0},Abrir {0}
Optional: Alert will only be sent if value is a valid email id.,Opcional: Alerta só será enviado se o valor é um ID de e-mail válido.
Optional: Always send to these ids. Each email id on a new row,Opcional: Sempre enviar para esses ids. Cada ID de e-mail em uma nova linha
Optional: The alert will be sent if this expression is true,Opcional: O alerta será enviado se essa expressão é verdadeira
Options,Opções
Options 'Dynamic Link' type of field must point to another Link Field with options as 'DocType',"Opções 'Dynamic Link' tipo de campo deve apontar para um outro campo Ligação com opções como ""TipoDoc '"
Options Help,Ajuda sobre Opções
Options for select. Each option on a new line. e.g.: <br>Option 1<br>Option 2<br>Option 3<br>,Opções para selecionar. Cada opção em uma nova linha. por exemplo: <br> Opção 1 Opção 2 <br> <br> Opção 3 <br>
Options must be a valid DocType for field {0} in row {1},As opções devem ser um DOCTYPE válido para o campo {0} na linha {1}
Options not set for link field {0},Opções não definida para o campo link {0}
Options requried for Link or Table type field {0} in row {1},Opções requried para Link ou tipo Tabela campo {0} na linha {1}
Org History,org História
Org History Heading,Org História Rubrica
Original Message,Mensagem original
Other,Outro
Outgoing Email Settings,Configurações de e-mails enviados
Outgoing Mail Server,Servidor de e-mails de saída
Outgoing Mail Server not specified,Outgoing Mail Server não especificado
Owner,proprietário
PDF Page Size,Tamanho da página PDF
PDF Settings,Configurações do PDF
POP3 Mail Server (e.g. pop.gmail.com),"Servidor de e-mail POP3 (por exemplo, pop.gmail.com)"
Page,Página
Page #{0} of {1},Página # {0} de {1}
Page Background,Fundo da Página
Page HTML,Página HTML
Page Header,Cabeçalho da página
Page Header Background,Cabeçalho página de fundo
Page Header Text,Cabeçalho da página de texto
Page Links,Pagina Links
Page Name,Nome da Página
Page Role,Função da página
Page Text,Página de texto
Page Title,Título da página
Page content,Conteúdo da página
Page not found,Página não encontrada
Page or Generator,Página ou Gerador
Page url name (auto-generated),Nome URL da página ( gerada automaticamente )
Parent Label,Etiqueta pai
Parent Post,Pais Mensagem
Parent Website Page,Pai site Página
Parent Website Route,Pai site Route
Parent Website Sitemap,Pai site Mapa do Site
Participants,Participantes
Password,Senha
Password Updated,Senha Atualizado
Password reset instructions have been sent to your email,Instruções de redefinição de senha foram enviadas para seu e-mail
Patch,Remendo
Patch Log,Log de Patches
Percent,Por cento
Perm Level,Nível Permanente
Permanently Cancel {0}?,Permanentemente Cancelar {0} ?
Permanently Submit {0}?,Permanentemente Enviar {0} ?
Permanently delete {0}?,Excluir permanentemente {0} ?
Permission Level,Nível de Permissão
Permission Levels,Níveis de Permissão
Permission Rules,Regras de Permissão
Permission already set,Permissão já definido
Permissions,Permissões
Permissions Settings,Configurações de Permissões
Permissions are automatically translated to Standard Reports and Searches.,As permissões são automaticamente traduzidos para Relatórios e Pesquisas Standard.
"Permissions are set on Roles and Document Types (called DocTypes) by setting rights like Read, Write, Create, Delete, Submit, Cancel, Amend, Report, Import, Export, Print, Email and Set User Permissions.","As permissões são definidas em Funções e tipos de documentos (chamados doctypes ) , definindo direitos como Ler, Escrever , criar, apagar , Submit , Cancelar , Alterar , Report, Importação, Exportação, impressão , e-mail e definir permissões de usuário ."
Permissions at higher levels are 'Field Level' permissions. All Fields have a 'Permission Level' set against them and the rules defined at that permissions apply to the field. This is useful in case you want to hide or make certain field read-only for certain Roles.,As permissões em níveis mais elevados são permissões ' igualdade ' .
"Permissions at level 0 are 'Document Level' permissions, i.e. they are primary for access to the document.","Permissões no nível 0 são permissões ao &#39;Nível de Documento&quot;, ou seja, são básicas para o acesso ao documento."
Permissions get applied on Users based on what Roles they are assigned.,As permissões são aplicadas em usuários com base no que Roles são atribuídos.
Permitted Documents For User,Documentos permitido para usuário
Person,Pessoa
Personal Info,Informações pessoais
Phone,Telefone
Phone No.,Nº de telefone.
Pick Columns,Escolha as Colunas
Picture URL,URL imagem
Pincode,PINCODE
Please attach a file first.,"Por favor, anexar um arquivo pela primeira vez."
Please attach a file or set a URL,"Por favor, anexar um arquivo ou definir uma URL"
Please do not change the rows above {0},"Por favor, não alterar as linhas acima {0}"
Please enable pop-ups,Por favor habilite os pop-ups
Please enter Event's Date and Time!,"Por favor, indique a data ea hora do evento!"
Please enter both your email and message so that we \				can get back to you. Thanks!,"Por favor, digite seu e-mail e ambos mensagem para que \ pode voltar para você. Obrigado!"
Please enter some text!,"Por favor, digite algum texto!"
Please enter title!,"Por favor, indique título!"
Please login to Upvote!,Por favor login para upvote !
Please make sure that there are no empty columns in the file.,"Por favor, certifique-se de que não existem colunas vazias no arquivo."
Please refresh to get the latest document.,Por favor de atualização para obter as últimas documento.
Please reply above this line or remove it if you are replying below it,"Por favor, responda acima desta linha ou removê-lo se você estiver respondendo abaixo"
Please select a file or url,"Por favor, selecione um arquivo ou url"
Please select atleast 1 column from {0} to sort,Por favor seleccione pelo menos uma coluna de {0} para classificar
Please set {0} first,Defina {0} primeiro
Please specify,"Por favor, especifique"
Please specify 'Auto Email Id' in Setup > Outgoing Email Settings,"Por favor, especifique 'Id Auto -mail ' em Configurações> Configurações de e-mails enviados"
Please specify Event date and time,"Por favor, especificar a data e hora do evento"
Please specify doctype,"Por favor, especifique doctype"
Please specify user,"Por favor, especifique usuário"
Please specify which date field must be checked,Por favor especificar qual campo de data deve ser verificada
Please specify which value field must be checked,Por favor especificar qual campo valor deve ser verificado
Please upload using the same template as download.,"Por favor, fazer o upload usando o mesmo modelo como download."
Plugin,Plugin
Port,porto
Post,Postagem
Post Publicly,Publique publicamente
Post Topic,Postar Tópico
Post already exists. Cannot add again!,Postagem já existe. Não é possível adicionar mais uma vez!
Post does not exist. Please add post!,"O Post não existe. Por favor, adicione post!"
Post to user,Publicar para usuário
Posts,Postagens
Previous Record,Registro anterior
Primary,Primário
Print,impressão
Print Format,Formato de impressão
Print Format Help,Formato de Impressão Ajuda
Print Format Type,Tipo de impressão Formato
Print Format {0} does not exist,Formato de Impressão {0} não existe
Print Format {0} is disabled,Formato de Impressão {0} está desativado
Print Hide,Ocultar impressão
Print Settings,Configurações de impressão
Print Style,Estilo de impressão
Print Style Preview,Estilo de visualização de impressão
Print Width,Largura de impressão
"Print with Letterhead, unless unchecked in a particular Document","Imprimir com o timbre, a não ser desmarcada em um documento específico"
Print...,Imprimir...
Printing and Branding,Impressão e Branding
Priority,Prioridade
Private,Privado
Properties,Propriedades
Property,Propriedade
Property Setter,Setter propriedade
Property Type,Tipo de propriedade
Public,Público
Published,Publicado
Published On,Publicado no
Published on website at: {0},Publicado no site em: {0}
Pull Emails from the Inbox and attach them as Communication records (for known contacts).,Puxar e-mails da caixa de entrada e anexe-os como registros de comunicação (para contatos conhecidos).
Query,Consulta
Query Options,Opções de Consulta
Query Report,Relatório da Consulta
Query must be a SELECT,Consulta deve ser um SELECT
Quick Help for Setting Permissions,Ajuda rápida para Configurar Permissões
Quick Help for User Permissions,Ajuda rápida para permissões de usuário
Re-open,Re- aberto
Read,Ler
Read Only,Somente leitura
Received,recebido
Recipient,Destinatário
Recipients,Destinatários
Record does not exist,Registro não existe
Ref DocType,DocType de Ref.
Ref Name,Nome de Ref.
Ref Type,Tipo de Ref.
Reference,Referência
Reference DocName,Referência DocNome
Reference DocType,Referência TipoDoc
Reference Name,Nome de Referência
Reference Type,Tipo de Referência
Refresh,Atualizar
Refreshing...,Atualizando ...
Registered but disabled.,"Registrado, mas desativado."
Registration Details Emailed.,Detalhes do registro enviado por email.
Reload Page,Atualizar Página
Remove Bookmark,Remover Bookmark
Remove all customizations?,Remova todas as personalizações ?
Rename many items by uploading a .csv file.,Renomeie muitos itens fazendo o upload de um arquivo csv . .
Rename...,Renomear ...
Repeat On,Repita On
Repeat Till,Repita até que
Repeat this Event,Repita este evento
Replies,respostas
Report,Relatório
Report Builder,Report Builder
Report Builder reports are managed directly by the report builder. Nothing to do.,Os relatórios do Report Builder são gerenciados diretamente pelo construtor relatório. Nada a fazer.
Report Hide,Ocultar Relatório
Report Name,Nome do Relatório
Report Type,Tipo de relatório
Report an Issue,Relatar um incidente
Report cannot be set for Single types,Relatório não pode ser ajustada para os modelos únicos
Report this issue,Denunciar esta questão
Report was not saved (there were errors),O Relatório não foi salvo (houve erros)
Reqd,Requerido
Reset Password Key,Redefinição de senha chave
Reset Permissions for {0}?,Repor permissões para {0} ?
Response,Resposta
Restrict IP,Restringir IP
Restrict user from this IP address only. Multiple IP addresses can be added by separating with commas. Also accepts partial IP addresses like (111.111.111),Restringir usuário a partir deste endereço IP. Vários endereços IP podem ser adicionados ao separar com vírgulas. São aceitos também endereços IP parciais como (111.111.111)
Right,Direito
Role,Função
Role Name,Nome da Função
Role Permissions Manager,Permissions função de gerente
Role and Level,Papel e Nível
Role exists,papel existe
Roles,Funções
Roles Assigned,Funções atribuídas
Roles Assigned To User,Funções atribuídas ao Usuário
Roles HTML,Funções HTML
Roles can be set for users from their User page.,As funções podem ser definidas para os usuários de sua página de usuário .
Root {0} cannot be deleted,Root {0} não pode ser excluído
Row,Linha
Row #{0}:,Row # {0}:
Rules defining transition of state in the workflow.,Regras que definem a transição de estado no fluxo de trabalho.
"Rules for how states are transitions, like next state and which role is allowed to change state etc.","Regras de como os estados são transições, como o próximo estado e que função terá permissão para mudar de estado, etc"
Run scheduled jobs only if checked,Execute as tarefas agendadas somente se verificados
Run the report first,Execute o primeiro relatório
SMTP Server (e.g. smtp.gmail.com),"Servidor SMTP(por exemplo, smtp.gmail.com)"
Sales,Vendas
Same file has already been attached to the record,Mesmo arquivo já foi anexado ao registro
Sample,Amostra
Saturday,Sábado
Save,Salvar
Scheduler Log,Log do Agendador
Script,Script
Script Report,Relatório Script
Script Type,Tipo de Script
Search,Pesquisar
Search Fields,Campos de Pesquisa
Search in a document type,Pesquisar em um tipo de documento
Search or type a command,Pesquisar ou digite um comando
Section Break,Quebra de seção
Security,segurança
Security Settings,Configurações de Segurança
Select,Selecionar
Select All,Selecionar tudo
Select Attachments,Selecione os Anexos
Select Document Type,Selecione o Tipo de Documento
Select Document Type or Role to start.,Selecione o tipo de documento ou função para começar.
Select Print Format,Selecione o Formato de Impressão
Select Report Name,Selecione o Nome do Relatório
Select Role,Selecione a Função
Select To Download:,Selecione Para Download:
Select Type,Selecione o Tipo
Select User or DocType to start.,Selecione Usuário ou TipoDoc para começar.
Select a Banner Image first.,Selecione um Banner Image primeiro.
Select an image of approx width 150px with a transparent background for best results.,Selecione uma imagem de aproximadamente 150px de largura com um fundo transparente para melhores resultados.
Select dates to create a new ,Select dates to create a new 
"Select modules to be shown (based on permission). If hidden, they will be hidden for all users.","Selecione os módulos a ser mostrado (com base em permissão) . Se escondido , eles serão escondidos por todos os usuários."
Select or drag across time slots to create a new event.,Selecione ou arraste intervalos de tempo para criar um novo evento.
"Select target = ""_blank"" to open in a new page.","Select target = "" _blank"" para abrir em uma nova página."
Select the label after which you want to insert new field.,Selecione a etiqueta após a qual você deseja inserir um novo campo.
Send,Enviar
Send Alert On,Enviar Alert On
Send As Email,Enviar como e-mail
Send Email,Enviar E-mail
Send Email Print Attachments as PDF (Recommended),Enviar E-mail Imprima anexos em formato PDF (recomendado)
Send Me A Copy,Envie-me uma cópia
Send Password,Enviar senha
Send Print as PDF,Enviar Imprimir como PDF
Send alert if date matches this field's value,Enviar alerta se a data corresponde valor deste campo
Send alert if this field's value changes,Enviar alerta se muda o valor desse campo
Send an email reminder in the morning,Enviar um e-mail lembrete na parte da manhã
Send download link of a recent backup to System Managers,Enviar link para download de um backup recente para Gestores do Sistema
Send enquiries to this email address,Envie perguntas para este endereço de e-mail
Sender,Remetente
Sent,enviado
Sent Mail,E-mails Enviados
Sent Quotation,Cotação Enviada
Sent or Received,Enviados ou recebidos
Series,série
Series {0} already used in {1},Série {0} já usado em {1}
Server,Servidor
Server & Credentials,Servidor e Credenciais
Server Error: Please check your server logs or contact tech support.,"Erro de servidor: Por favor, verifique os logs do servidor ou contate o suporte técnico."
Session Expired. Logging you out,A sessão expirou. Você será deslogado
Session Expiry,Duração da sessão
Session Expiry in Hours e.g. 06:00,"Duração da sessão em Horas, por exemplo 06:00"
Session Expiry must be in format {0},Sessão de validade devem estar no formato {0}
Set Banner from Image,Jogo da bandeira da Imagem
Set Link,Definir ligação
Set Login and Password if authentication is required.,Defina Login e Senha se a autenticação for necessária.
Set Only Once,Definir apenas uma vez
Set Password,Definir senha
Set Permissions on Document Types and Roles,Definir permissões em Tipos e Funções de documentos
Set Permissions per User,Definir permissões por usuário
Set User Permissions,Definir permissões de usuário
Set Value,Definir valor
"Set default format, page size, print style etc.","Definir o formato padrão, o tamanho da página, estilo de impressão, etc"
Set numbering series for transactions.,Definir numeração série para transações.
Set outgoing mail server.,Definir servidor de correio de saída.
Settings,Configurações
Settings for About Us Page.,Configurações da Página Sobre Nós.
Settings for Contact Us Page.,Configurações da Página Fale Conosco.
Setup,Configuração
Setup > User,Configuração> Usuário
Setup > User Permissions Manager,Configuração> Gerenciador de permissões de usuário
Setup Email Alert based on various criteria.,Setup Email de Alerta com base em vários critérios.
Setup of fonts and background.,Configuração de fontes e de fundo.
"Setup of top navigation bar, footer and logo.","Configuração de barra de navegação do topo, rodapé, e logotipo."
Short Bio,Curta Bio
Short Name,Nome Curto
Shortcut,Atalho
Show / Hide Modules,Mostrar / Ocultar Módulos
Show Print First,Mostrar Impressão Primeiro
Show Tags,Mostrar Marcações
Show or hide modules globally.,Mostrar ou ocultar módulos global.
Show rows with zero values,Mostrar as linhas com valores zero
Show tags,Mostrar marcas
Show this field as title,Mostrar este campo como título
Showing only for (if not empty),Mostrando apenas para (se não está vazio )
Sidebar,Sidebar
Sidebar Items,Itens Sidebar
Sidebar Links for Home Page only,Links da barra lateral para Página só
Sign Up,inscrever-se
Sign in,Entre
Sign up,inscrever-se
Single Post (article).,Resposta Única (artigo).
Single Types have only one record no tables associated. Values are stored in tabSingles,Tipos individuais têm apenas um registro sem tabelas associadas. Os valores são armazenados em tabSingles
Sitemap Browser,Navegador Mapa do Site
Slideshow,Apresentação de slides
Slideshow Items,Itens da Apresentação de slides
Slideshow Name,Nome da Apresentação de slides
Small Text,Texto Pequeno
Social Login Keys,Sociais Entrar Chaves
Solid background color (default light gray),Cor de fundo sólida (padrão cinza claro)
Sorry we were unable to find what you were looking for.,"Desculpe, não encontramos o que você estava procurando."
Sorry you are not permitted to view this page.,"Desculpe, você não tem permissão para visualizar esta página."
Sort By,Classificar por
Sort Field,Ordenar campo
Sort Order,Ordem de classificação
Standard,Padrão
Standard Print Format cannot be updated,Padrão Formato de Impressão não pode ser atualizado
Standard Reply,Resposta padrão
Standard Reports,Relatórios padrão
Standard replies to common queries.,Norma responde a perguntas comuns.
Start Report For,Começar Relatório para
Starts on,Inicia em
State,Estado
States,Estados
"States for workflow (e.g. Draft, Approved, Cancelled).","Membros para o fluxo de trabalho (por exemplo, o projecto, aprovado , Cancelado ) ."
Static File Timestamp,Estática Timestamp Arquivo
Status,Estado
Step 1: Set the name and save.,Passo 1: Defina o nome e salvar.
Step 2: Set Letterhead content.,Passo 2: Definir o conteúdo timbrado .
Style,Estilo
Style Settings,Configurações de Estilo
"Style represents the button color: Success - Green, Danger - Red, Inverse - Black, Primary - Dark Blue, Info - Light Blue, Warning - Orange","Estilo representa a cor do botão: Sucesso - Verde, Perigo - Vermelho, Inverso - Preto, Primário - Azul Escuro, Informação - Azul Claro, Aviso - Laranja"
Sub-domain provided by erpnext.com,Sub-domínio fornecido pelo erpnext.com
Subdomain,Subdomínio
Subject,Assunto
Submit,Enviar
Submit an Issue,Enviar um tema
Submitted,Enviado
Submitted Document cannot be converted back to draft. Transition row {0},Documento apresentado não pode ser convertido de volta para rascunho.
Success,Sucesso
Suggestion,Sugestão
Sunday,Domingo
Switch to Website,Mude para o site
Sync Inbox,Sincronizar Caixa de Entrada
System,Sistema
System Settings,Configurações do sistema
System User,Usuário do Sistema
System and Website Users,Sistema e Site Usuários
System generated mails will be sent from this email id.,E-mails gerados pelo sistema serão enviados a partir deste endereço de e-mail.
Table,Tabela
Table {0} cannot be empty,Tabela {0} não pode ser vazio
Tag,Etiqueta
Tag Name,Nome da etiqueta
Tags,Etiquetas
Tahoma,Tahoma
Target,Meta
Tasks,Tarefas
Team Members,Membros da Equipe
Team Members Heading,Título da página Membros da Equipe
Template,Modelo
Template Pages cannot be moved,Páginas de modelo não pode ser movido
Test,Teste
Test Runner,Test Runner
Text,Texto
Text Align,Alinhar Texto
Text Editor,Editor de Texto
Thank you for your message,Obrigado por sua mensagem
The name of your company / website as you want to appear on browser title bar. All pages will have this as the prefix to the title.,O nome da sua empresa / site da forma que você quer que apareça na barra de título do navegador. Todas as páginas vão ter isso como o prefixo para o título.
The system provides many pre-defined roles. You can add new roles to set finer permissions.,O sistema proporciona várias funções pré - definidas . Você pode adicionar novas funções para definir as permissões mais finos.
Then By (optional),"Em seguida, por (opcional)"
There should remain at least one System Manager,Não deve permanecer pelo menos um gestor de sistema
There were errors,Ocorreram erros
There were errors while sending email. Please try again.,"Ocorreram erros durante o envio de e-mail. Por favor, tente novamente."
"There were some errors setting the name, please contact the administrator","Houve alguns erros de definir o nome, por favor, entre em contato com o administrador"
"These permissions will apply for all transactions where the permitted record is linked. For example, if Company C is added to User Permissions of user X, user X will only be able to see transactions that has company C as a linked value.",Essas permissões serão aplicadas para todas as operações onde o registro permitido é vinculado.
These values will be automatically updated in transactions and also will be useful to restrict permissions for this user on transactions containing these values.,Esses valores serão atualizados automaticamente em transações e também serão úteis para restringir as permissões para este usuário em operações que contenham esses valores.
"These will also be set as default values for those links, if only one such permission record is defined.","Estes também serão definidos como valores padrão para esses links , mesmo que apenas um desses registro permissão é definida."
Third Party Authentication,Autenticação de Terceiros
This field will appear only if the fieldname defined here has value OR the rules are true (examples): <br>myfieldeval:doc.myfield=='My Value'<br>eval:doc.age>18,Este campo aparecerá apenas se o nome do campo definido aqui tem valor ou as regras são verdadeiros (exemplos): <br>  myfield  eval: doc.myfield == 'Meu Valor' em  eval: doc.age> 18
This goes above the slideshow.,Isto vai acima do slideshow.
This is PERMANENT action and you cannot undo. Continue?,Esta é uma ação PERMANENTE e não pode ser desfeita. Continuar?
"This is a standard format. To make changes, please copy it make make a new format.","Este é um formato padrão. Para fazer alterações, copie-o fazer ganhar um novo formato."
This is permanent action and you cannot undo. Continue?,Esta é uma ação PERMANENTE e não pode ser desfeita. Continuar?
This must be checked if Style Settings are applicable,Isto deve ser verificado se Settings são aplicáveis
This role update User Permissions for a user,Este papel Permissions atualização do utilizador para um usuário
Thursday,Quinta-feira
Tile,Telha
Time,Tempo
Time Zone,Fuso horário
Timezone,Fuso horário
Title,Título
Title / headline of your page,Título / chamada da sua página
Title Case,Caixa do Título
Title Field,campo Título
Title Prefix,Prefixo do Título
Title field must be a valid fieldname,Campo Título deve ser um nome de campo válido
Title is required,Título é exigido
To,Para
To Do,Tarefas
"To format columns, give column labels in the query.","Para formatar colunas, dar rótulos de coluna na consulta."
"To give acess to a role for only specific records, check the 'Apply User Permissions'. User Permissions are used to limit users with such role to specific records.","Para dar acesso a um papel apenas para registros específicos , verificar a "" Aplicar permissões de usuário ."
"To run a test add the module name in the route after '{0}'. For example, {1}","Para executar um teste de adicionar o nome do módulo na rota depois de '{0}'. Por exemplo , {1}"
ToDo,Lista de Tarefas
Too many writes in one request. Please send smaller requests,"Muitos escreve em um pedido. Por favor, enviar pedidos de menores"
Top Bar,Barra Superior
Top Bar Background,Fundo da barra superior
Top Bar Item,Item da barra superior
Top Bar Items,Itens da barra superior
Top Bar Text,Top Bar Texto
Top Bar text and background is same color. Please change.,"Top Bar texto eo fundo é a mesma cor. Por favor, altere."
Transaction,Transação
Transition Rules,Regras de transição
Tuesday,Terça-feira
Tweet will be shared via your user account (if specified),Tweet serão compartilhados através da sua conta de usuário (se especificado)
Twitter Share,Compartilhar Twitter
Twitter Share via,Twitter Partilhar através do
Type,Tipo
Unable to find attachment {0},Incapaz de encontrar apego {0}
Unable to load: {0},Incapaz de carga : {0}
Unable to open attached file. Please try again.,"Não é possível abrir arquivo anexado . Por favor, tente novamente."
Unable to send emails at this time,Não é possível enviar e-mails a esta hora
Unknown Column: {0},Coluna desconhecido: {0}
"Unknown file encoding. Tried utf-8, windows-1250, windows-1252.","Codificação de arquivo desconhecido. Tentei UTF-8, Windows -1250 , windows-1252 ."
Unread Messages,Mensagens não lidas
Unsubscribe,Subscrição
Unsubscribed,Inscrição Cancelada
Upcoming Events for Today,Próximos Eventos para Hoje
Update,Atualizar
Update Field,Atualizar Campo
Update Value,Atualizar Valor
Updated,Atualizado
Upload,carregar
Upload Attachment,Carregar anexos
Upload CSV file containing all user permissions in the same format as Download.,Carregar arquivo CSV que contém todas as permissões de usuário no mesmo formato de Download.
Upload a file,Carregar um arquivo
Upload and Import,Carregar e Importar
Upload and Sync,Carregar e sincronizar
Uploading...,Upload ...
Upvotes,upvotes
Use TLS,Use TLS
User,Usuário
User Cannot Create,O Usuário não pode criar
User Cannot Search,O Usuário não pode pesquisar
User Defaults,Padrões de Perfil
User ID of a blog writer.,ID do usuário de um escritor do blog.
User Image,Imagem do Usuário
User Permission,A permissão do usuário
User Permissions,Permissões de usuário
User Permissions Manager,Permissões de usuário Gerente
User Roles,Funções do Usuário
User Tags,Etiquetas de Usuários
User Type,Tipo de Usuário
"User Type ""System User"" can access Desktop. ""Website User"" can only be logged into the website and portal pages. ","User Type ""System User"" can access Desktop. ""Website User"" can only be logged into the website and portal pages. "
User Vote,Vote Usuário
User not allowed to delete {0}: {1},Usuário não tem permissão para excluir {0}: {1}
User permissions should not apply for this Link,As permissões de usuário não deve candidatar-se a este link
User {0} cannot be deleted,O usuário {0} não pode ser excluído
User {0} cannot be disabled,O usuário {0} não pode ser desativado
User {0} cannot be renamed,O usuário {0} não pode ser renomeado
User {0} does not exist,Usuário {0} não existe
UserRole,Função do Usuário
Users and Permissions,Usuários e Permissões
Users with role {0}:,Os usuários com papel {0}:
Valid Login id required.,É necessário um usuário válido.
Valid email and name required,É necessário e-mail válido e nome
Value,Valor
Value Change,Valor Variação
Value Changed,Valor Alterado
Value cannot be changed for {0},O valor não pode ser alterado para {0}
Value for a check field can be either 0 or 1,Valor para um campo de verificação pode ser 0 ou 1
Value missing for,Valor em falta para
Verdana,Verdana
Version,versão
Version restored,Versão restaurada
View or manage Website Route tree.,Ver ou gerencia Site Route árvore.
Visit,Visita
Warning,Aviso
Warning: This Print Format is in old style and cannot be generated via the API.,Aviso: Este formato de impressão é em estilo antigo e não pode ser gerado através da API.
Web Page,Página Web
Web Site Forum Page.,Web Site Forum Página.
Website,Site
Website Group,site Grupo
Website Route,site Mapa do Site
Website Route Permission,Site Rota Permissão
Website Script,Script do site
Website Settings,Configurações do site
Website Slideshow,Slideshow do site
Website Slideshow Item,Item do Slideshow do site
Website User,Site do Usuário
Wednesday,Quarta-feira
Welcome email sent,Bem-vindo e-mail enviado
"When you Amend a document after Cancel and save it, it will get a new number that is a version of the old number.","Quando você Alterar um documento depois de Cancelar e salvá-lo , ele irá obter um novo número que é uma versão do antigo número ."
Width,Largura
Will be used in url (usually first name).,Será utilizado na url (geralmente o primeiro nome).
With Groups,com Grupos
With Ledgers,com Ledgers
With Letterhead,Com timbrado
Workflow,Fluxo de Trabalho
Workflow Action,Ação do Fluxo de Trabalho
Workflow Action Name,Nome da Ação do Fluxo de Trabalho
Workflow Document State,Estado do Documento do Fluxo de Trabalho
Workflow Document States,Estados do Documento do Fluxo de Trabalho
Workflow Name,Nome do Fluxo de Trabalho
Workflow State,Estado do Fluxo de Trabalho
Workflow State Field,Campo do Estado do Fluxo de Trabalho
Workflow Transition,Transição do Fluxo de Trabalho
Workflow Transitions,Transições do Fluxo de Trabalho
Workflow will start after saving.,Fluxo de trabalho será iníciado após salvar.
Write,Escrever
Write a Python file in the same folder where this is saved and return column and result.,Gravar um arquivo Python na mesma pasta onde este é guardado e coluna de retorno e resultado.
Write a SELECT query. Note result is not paged (all data is sent in one go).,Escreva uma consulta SELECT. Resultado nota não é paginada (todos os dados são enviados de uma só vez).
Write titles and introductions to your blog.,Escreva títulos e introduções para o seu blog.
Writers Introduction,Escritores Introdução
Year,Ano
Yes,Sim
Yesterday,Ontem
You are not allowed to create / edit reports,Você não tem permissão para criar / editar relatórios
You are not allowed to export the data of: {0}. Downloading empty template.,Você não tem permissão para exportar os dados de : {0} . Baixando modelo vazio .
You are not allowed to export this report,Você não tem permissão para exportar este relatório
You are not allowed to print this document,Você não tem permissão para imprimir este documento
You are not allowed to send emails related to this document,Você não tem permissão para enviar e-mails relacionados a este documento
"You can change Submitted documents by cancelling them and then, amending them.",Você pode alterar documentos cancelados
You can use Customize Form to set levels on fields.,"Você pode usar ""Personalizar Formulário"" para definir os níveis de campos."
You can use wildcard %,Você pode usar o curinga %
You cannot install this app,Você não pode instalar este aplicativo
You have unsaved changes in this form. Please save before you continue.,Você tem alterações não salvas neste formulário.
You need to be logged in and have System Manager Role to be able to access backups.,Você precisa estar conectado e ter permissão para ser capaz de acessar backups.
You need write permission to rename,Você precisa escrever permissão para renomear
You seem to have written your name instead of your email. \					Please enter a valid email address so that we can get back.,Você parece ter escrito o seu nome em vez de seu e-mail. \ Por favor insira um endereço de e-mail válido para que possamos voltar.
"Your download is being built, this may take a few moments...","O seu download está sendo construído, isso pode demorar alguns instantes ..."
[Label]:[Field Type]/[Options]:[Width],[Label]: [Tipo do Campo] / [Opções]: [Largura]
[Optional] Send the email X days in advance of the specified date. 0 equals same day.,[Opcional] enviar o email X dias de antecedência da data especificada. 0 é igual mesmo dia.
add your own CSS (careful!),adicione seu próprio CSS (seja cuidadoso!)
adjust,ajustar
align-center,Centralizar
align-justify,Justificar
align-left,Alinhar à esquerda
align-right,Alinhar à direita
and,e
arrow-down,seta para baixo
arrow-left,seta para a esquerda
arrow-right,seta para a direita
arrow-up,seta para cima
asterisk,asterisco
backward,para trás
ban-circle,círculo de proibição
barcode,código de barras
beginning with,começando com a
bell,sino
bold,negrito
book,livro
bookmark,favorito
briefcase,pasta
bullhorn,megafone
calendar,calendário
camera,câmera
certificate,certificado
check,marcar
chevron-down,divisa-abaixo
chevron-left,divisa-esquerda
chevron-right,divisa-direito
chevron-up,divisa-acima
circle-arrow-down,círculo de seta para baixo
circle-arrow-left,círculo de seta para a esquerda
circle-arrow-right,círculo de seta à direita
circle-arrow-up,círculo de seta para cima
cog,roda dentada
comment,comentário
comments,comentários
dd-mm-yyyy,dd-mm-aaaa
dd.mm.yyyy,dd.mm.aaaa
dd/mm/yyyy,dd/mm/aaaa
download,baixar
download-alt,download-alt
edit,editar
eject,ejetar
envelope,envelope
exclamation-sign,sinal de exclamação
eye-close,olho fechado
eye-open,olho aberto
facetime-video,vídeo do facetime
fast-backward,retrocesso rápido
fast-forward,avanço rápido
file,arquivo
film,filme
filter,filtrar
fire,fogo
flag,bandeira
folder-close,fechar pasta
folder-open,abrir pasta
font,fonte
forward,para a frente
found,encontrado
fullscreen,tela cheia
gift,presente
glass,vidro
globe,globo
hand-down,mão abaixo
hand-left,mão à esquerda
hand-right,mão à direita
hand-up,mão acima
hdd,hd
headphones,fones de ouvido
heart,coração
home,início
icon,ícone
inbox,caixa de entrada
indent-left,indentar à esquerda
indent-right,indentar à direita
info-sign,Sinal de Informações
is not allowed.,não é permitido.
italic,itálico
leaf,folha
lft,esq.
list,lista
list-alt,lista de alt-
lock,trancar
lowercase,minúsculas
magnet,ímã
map-marker,marcador do mapa
memcached is not working / stopped. Please start memcached for best results.,"memcached não está funcionando / interrompido. Por favor, comece memcached para melhores resultados."
minus,menos
minus-sign,sinal de menos
mm-dd-yyyy,mm-dd-aaaa
mm/dd/yyyy,mm/dd/aaaa
move,mover
music,música
none of,nenhum
off,fora
ok,ok
ok-circle,ok círculo
ok-sign,ok-sinal
one of,um de
or,ou
pause,pausa
pencil,lápis
picture,imagem
plane,avião
play,jogar
play-circle,jogo-círculo
plus,mais
plus-sign,sinal de mais
print,imprimir
qrcode,QRCode
question-sign,ponto de interrogação
random,aleatório
refresh,atualizar
remove,remover
remove-circle,remove-círculo
remove-sign,remover-assinar
repeat,repetir
resize-full,redimensionamento completo
resize-horizontal,redimensionamento horizontal
resize-small,redimensionamento pequeno
resize-vertical,redimensionamento vertical
retweet,retwitar
rgt,dir.
road,estrada
screenshot,captura de tela
search,pesquisar
share,ação
share-alt,partes-alt
shopping-cart,carrinho de compras
signal,sinalizar
star,estrela
star-empty,estrelas vazio
step-backward,passo para trás
step-forward,passo para frente
stop,parar
tag,etiqueta
tags,etiquetas
"target = ""_blank""",target = &quot;_blank&quot;
tasks,tarefas
text-height,altura de texto
text-width,largura de texto
th,ª
th-large,ª-grande
th-list,ª-lista
thumbs-down,polegar para baixo
thumbs-up,polegar para cima
time,tempo
tint,matiz
to,para
trash,lixo
upload,carregar
use % as wildcard,usar% como curinga
user,usuário
user_image_show,user_image_show
values and dates,valores e datas
values separated by commas,valores separados por vírgulas
volume-down,diminuir volume
volume-off,mudo
volume-up,aumentar volume
warning-sign,sinal de alerta
wrench,chave inglesa
yyyy-mm-dd,dd/mm/yyyy
zoom-in,aumentar zoom
zoom-out,diminuir zoom
{0} List,{0} Lista
{0} added,{0} adicionou
{0} by {1},{0} de {1}
{0} cannot be set for Single types,{0} não pode ser ajustada para os modelos únicos
{0} does not exist in row {1},{0} não existe em linha {1}
{0} in row {1} cannot have both URL and child items,{0} na linha {1} não pode ter ambos URL e itens filhos
{0} is not a valid email id,{0} não é um ID de e-mail válido
{0} is required,{0} é necessária
{0} is saved,{0} é salvo
{0} must be one of {1},{0} deve ser um dos {1}
{0} must be set first,{0} deve ser definida em primeiro lugar
{0} not a valid State,{0} não um estado válido
{0} not allowed in fieldname {1},{0} não é permitido em nome do campo {1}
{0} not allowed in name,{0} não é permitido em nome
{0} not allowed to be renamed,{0} não é permitido a ser renomeado
{0} updated,{0} atualizada
{0} {1} already exists,{0} {1} já existe
"{0} {1} cannot be ""{2}"". It should be one of ""{3}""","{0} {1} não pode ser ""{2}"". Deve ser um dos ""{3}"""
{0} {1} cannot be a leaf node as it has children,"{0} {1} não pode ser um nó de folha , uma vez que tem filhos"
"{0} {1} does not exist, select a new target to merge","{0} {1} não existe , selecione um novo alvo para fundir"
{0} {1} not found,{0} {1} não encontrado
{0} {1}: Submitted Record cannot be deleted.,{0} {1}: Registro enviado não pode ser excluído.
{0}: Cannot set Amend without Cancel,{0}: Não é possível definir Amend sem Cancelar
{0}: Cannot set Assign Amend if not Submittable,{0}: Não é possível definir Atribuir Amend se não Submittable
{0}: Cannot set Assign Submit if not Submittable,{0}: Não é possível definir Atribuir Enviar se não Submittable
{0}: Cannot set Cancel without Submit,{0}: Não é possível definir Cancelar sem Submit
{0}: Cannot set Import without Create,{0}: Não é possível definir Import sem criar
"{0}: Cannot set Submit, Cancel, Amend without Write","{0}: Não é possível definir Submit, Cancelar , Alterar sem Write"
{0}: Cannot set import as {1} is not importable,{0}: Não é possível definir importação como {1} não é importable
"{0}: Create, Submit, Cancel and Amend only valid at level 0","{0}: Criar, Submit, Cancelar e Amend válido apenas no nível 0"
{0}: No basic permissions set,{0}: Nenhum conjunto de permissões básico
"{0}: Only one rule allowed with the same Role, Level and Apply User Permissions","{0}: Apenas uma regra permitida com a mesma função , nível e aplicar permissões de usuário"
{0}: Permission at level 0 must be set before higher levels are set,{0} : permissão no nível 0 deve ser definida antes que os níveis mais altos são definidos
{app_title},{ app_title }
